"Descriptions:","Unit:","Multiplier:","Currency:","Unique Identifier:","Series Name:",1945Q4,1946Q1,1946Q2,1946Q3,1946Q4,1947Q1,1947Q2,1947Q3,1947Q4,1948Q1,1948Q2,1948Q3,1948Q4,1949Q1,1949Q2,1949Q3,1949Q4,1950Q1,1950Q2,1950Q3,1950Q4,1951Q1,1951Q2,1951Q3,1951Q4,1952Q1,1952Q2,1952Q3,1952Q4,1953Q1,1953Q2,1953Q3,1953Q4,1954Q1,1954Q2,1954Q3,1954Q4,1955Q1,1955Q2,1955Q3,1955Q4,1956Q1,1956Q2,1956Q3,1956Q4,1957Q1,1957Q2,1957Q3,1957Q4,1958Q1,1958Q2,1958Q3,1958Q4,1959Q1,1959Q2,1959Q3,1959Q4,1960Q1,1960Q2,1960Q3,1960Q4,1961Q1,1961Q2,1961Q3,1961Q4,1962Q1,1962Q2,1962Q3,1962Q4,1963Q1,1963Q2,1963Q3,1963Q4,1964Q1,1964Q2,1964Q3,1964Q4,1965Q1,1965Q2,1965Q3,1965Q4,1966Q1,1966Q2,1966Q3,1966Q4,1967Q1,1967Q2,1967Q3,1967Q4,1968Q1,1968Q2,1968Q3,1968Q4,1969Q1,1969Q2,1969Q3,1969Q4,1970Q1,1970Q2,1970Q3,1970Q4,1971Q1,1971Q2,1971Q3,1971Q4,1972Q1,1972Q2,1972Q3,1972Q4,1973Q1,1973Q2,1973Q3,1973Q4,1974Q1,1974Q2,1974Q3,1974Q4,1975Q1,1975Q2,1975Q3,1975Q4,1976Q1,1976Q2,1976Q3,1976Q4,1977Q1,1977Q2,1977Q3,1977Q4,1978Q1,1978Q2,1978Q3,1978Q4,1979Q1,1979Q2,1979Q3,1979Q4,1980Q1,1980Q2,1980Q3,1980Q4,1981Q1,1981Q2,1981Q3,1981Q4,1982Q1,1982Q2,1982Q3,1982Q4,1983Q1,1983Q2,1983Q3,1983Q4,1984Q1,1984Q2,1984Q3,1984Q4,1985Q1,1985Q2,1985Q3,1985Q4,1986Q1,1986Q2,1986Q3,1986Q4,1987Q1,1987Q2,1987Q3,1987Q4,1988Q1,1988Q2,1988Q3,1988Q4,1989Q1,1989Q2,1989Q3,1989Q4,1990Q1,1990Q2,1990Q3,1990Q4,1991Q1,1991Q2,1991Q3,1991Q4,1992Q1,1992Q2,1992Q3,1992Q4,1993Q1,1993Q2,1993Q3,1993Q4,1994Q1,1994Q2,1994Q3,1994Q4,1995Q1,1995Q2,1995Q3,1995Q4,1996Q1,1996Q2,1996Q3,1996Q4,1997Q1,1997Q2,1997Q3,1997Q4,1998Q1,1998Q2,1998Q3,1998Q4,1999Q1,1999Q2,1999Q3,1999Q4,2000Q1,2000Q2,2000Q3,2000Q4,2001Q1,2001Q2,2001Q3,2001Q4,2002Q1,2002Q2,2002Q3,2002Q4,2003Q1,2003Q2,2003Q3,2003Q4,2004Q1,2004Q2,2004Q3,2004Q4,2005Q1,2005Q2,2005Q3,2005Q4,2006Q1,2006Q2,2006Q3,2006Q4,2007Q1,2007Q2,2007Q3,2007Q4,2008Q1,2008Q2,2008Q3,2008Q4,2009Q1,2009Q2,2009Q3,2009Q4,2010Q1,2010Q2,2010Q3,2010Q4,2011Q1,2011Q2,2011Q3,2011Q4,2012Q1,2012Q2,2012Q3,2012Q4,2013Q1,2013Q2,2013Q3,2013Q4,2014Q1,2014Q2,2014Q3,2014Q4,2015Q1,2015Q2,2015Q3,2015Q4,2016Q1,2016Q2,2016Q3,2016Q4,2017Q1,2017Q2,2017Q3,2017Q4,2018Q1,2018Q2,2018Q3,2018Q4,2019Q1,2019Q2,2019Q3,2019Q4,2020Q1,2020Q2,2020Q3,2020Q4,2021Q1,2021Q2,2021Q3,2021Q4,2022Q1,2022Q2,2022Q3,2022Q4,2023Q1,2023Q2,2023Q3,2023Q4,2024Q1,2024Q2
"Holding companies; total financial assets","Currency","1000000","USD",Z1/Z1/FL734090005.Q,FL734090005.Q,0,ND,ND,ND,0,ND,ND,ND,0,ND,ND,ND,0,ND,ND,ND,0,ND,ND,ND,0,ND,ND,ND,0,0,0,0,0,0,0,0,0,0,0,0,0,0,0,0,0,0,0,0,0,0,0,0,0,0,0,0,0,0,0,0,0,0,0,0,0,0,0,0,0,0,0,0,0,0,0,0,0,0,0,0,0,0,0,0,0,0,0,0,0,0,0,0,0,0,0,0,0,1740,4295,7265,8695,13147,16373,14094,14719,14579,15898,18096,18949,19951,21123,24239,27629,32608,36210,43332,43007,46910,49372,47517,49270,51071,54754,58515,63048,65412,67773,70030,73273,76028,78366,80698,84218,86396,88261,90121,93887,96375,98776,101776,104714,106520,110161,113634,118373,116537,122542,131450,141256,144365,147123,156290,165457,166185,169111,183112,197420,198030,198453,213032,227017,231967,238162,247971,259463,263939,287191,296069,305224,317997,307470,319236,316922,318206,328222,336519,338504,349656,354331,355947,358601,360393,354962,351753,340244,339141,341334,341090,344536,354301,360667,372701,379447,393675,403164,412266,426747,430509,439262,448643,458913,476089,491475,506743,514698,522423,536482,541585,563124,570298,593941,611488,628230,661075,691188,706597,746290,761610,776066,781408,808390,811862,830688,871007,905907,963398,988416,1022415,1013370,1029210,1045538,1063373,1099761,1138999,1190321,1197168,1229896,1301769,1328668,1442483,1492112,1506117,1564210,1582786,1626912,1632839,1710529,1768282,1859368,1864856,1922199,2008363,2051998,2113935,2246883,2178727,2324364,3160511,3183015,3230741,3192638,3173849,3183253,3289621,3217929,3278701,3315306,3320522,3263569,3976459,3924872,4129906,4202526,4286268,4241516,4265767,4157852,4203477,4268583,4240568,4248605,4219412,4258688,4210972,3833946,3901368,3914425,4144597,4074578,4048023,4113095,4139198,4122111,4110792,4094383,4068638,4090605,4189452,4309014,4320569,4300718,4382878,4488050,4492739,4606246,4597869,4720815,4752829,4797164,4755502,4691789,4671876,4746681,4835347,4837798,4833314,4977796,5029899,5049084
"Holding companies; private foreign deposits at affiliates; asset","Currency","1000000","USD",Z1/Z1/FL733091003.Q,FL733091003.Q,0,ND,ND,ND,0,ND,ND,ND,0,ND,ND,ND,0,ND,ND,ND,0,ND,ND,ND,0,ND,ND,ND,0,0,0,0,0,0,0,0,0,0,0,0,0,0,0,0,0,0,0,0,0,0,0,0,0,0,0,0,0,0,0,0,0,0,0,0,0,0,0,0,0,0,0,0,0,0,0,0,0,0,0,0,0,0,0,0,0,0,0,0,0,0,0,0,0,0,0,0,0,0,0,0,0,0,0,0,0,0,0,0,0,0,0,0,0,1000,1000,2500,2500,3000,3000,3500,3500,4000,4000,4000,4200,4200,4300,4300,4400,4400,4500,4500,4600,4700,2738,2776,2945,3620,4414,4047,2945,4023,3805,4542,5856,6201,8692,12447,13034,15462,19386,15563,15493,17413,17826,18366,19324,21463,23836,20548,20690,22223,21080,17499,20068,15258,16542,18119,19993,23060,19519,23512,17408,18851,21296,23314,20387,24960,21064,18072,16375,16618,15088,13921,16459,14631,16142,15414,18143,22462,18678,16826,13353,19181,13294,14991,13342,14101,19894,16699,18683,19879,19468,23049,21409,22041,19539,20551,25330,19620,23256,25096,24888,24328,23295,21221,24158,20917,18687,19547,33755,24371,23098,27609,32151,37335,43035,38335,40994,41583,39820,35614,42359,32799,37392,35983,37957,42768,39076,33906,36912,50807,55084,50693,54692,60227,64572,68604,66722,68889,77849,96152,107350,120641,150272,117246,172290,153422,167658,188010,176711,178157,167625,176224,184100,175987,161925,169885,146409,125789,108300,103623,70459,91325,62782,73404,45830,45480,42412,62656,50075,47650,40405,37865,36599,43390,52770,56771,21211,17380,21802,21098,24058,24647,35253,35412,25562,32444,27831,31265,28254,36264,47229,43878,20936,26467,20732,18404,19152,21986,7877,12260,10391,12849,13379,16022,13832,11858,12432
"Holding companies; total time and savings deposits; asset","Currency","1000000","USD",Z1/Z1/FL733030005.Q,FL733030005.Q,0,ND,ND,ND,0,ND,ND,ND,0,ND,ND,ND,0,ND,ND,ND,0,ND,ND,ND,0,ND,ND,ND,0,0,0,0,0,0,0,0,0,0,0,0,0,0,0,0,0,0,0,0,0,0,0,0,0,0,0,0,0,0,0,0,0,0,0,0,0,0,0,0,0,0,0,0,0,0,0,0,0,0,0,0,0,0,0,0,0,0,0,0,0,0,0,0,0,0,0,0,0,0,0,0,0,0,0,0,0,0,0,0,0,0,0,0,0,-1000,-1000,-2500,-2500,-3000,-3000,-3500,-3500,-4000,-4000,-4000,-2700,-2500,-2400,-2200,-1840,-1600,-1300,-900,-530,-100,2462,3224,3790,3280,2686,3253,4652,3977,4695,4458,3513,2399,1728,-247,967,738,-902,1537,230,787,1669,2634,3075,1537,-507,1252,-741,-2173,-937,2651,151,3742,3229,2037,465,-257,2248,953,1100,199,-790,-1269,-1518,-686,194,2250,2566,1688,3009,-7063,-11557,-10838,-12133,-12167,-15457,3476,3537,3765,4083,5119,5168,5982,5081,5744,5797,6304,6400,6898,5743,6654,6356,6928,7859,8734,12084,8157,7179,6147,3042,7048,9425,7845,9265,14597,16583,26128,21567,21963,29141,32197,35612,24282,20676,27235,26275,28538,32484,35812,33856,46729,42846,41257,51161,64221,64431,85397,81465,70056,72792,75032,68939,69226,75396,75586,84367,86532,87207,81817,65758,61124,93180,92883,83665,185688,176276,160598,121372,142948,156305,156262,158380,168781,190531,188122,201951,253829,285891,284493,299544,296800,296350,313249,348314,357714,359133,350951,389270,366829,348031,337343,336333,326271,342452,343543,354488,368216,396156,388233,363751,341832,341557,352553,351136,352439,370858,353478,358132,397819,485423,477093,493997,413495,418178,394277,397484,364222,404514,424175,475903,487155,466957,435618,485048,487434,486505
"Holding companies; security repurchase agreements; asset","Currency","1000000","USD",Z1/Z1/FL732051003.Q,FL732051003.Q,0,ND,ND,ND,0,ND,ND,ND,0,ND,ND,ND,0,ND,ND,ND,0,ND,ND,ND,0,ND,ND,ND,0,0,0,0,0,0,0,0,0,0,0,0,0,0,0,0,0,0,0,0,0,0,0,0,0,0,0,0,0,0,0,0,0,0,0,0,0,0,0,0,0,0,0,0,0,0,0,0,0,0,0,0,0,0,0,0,0,0,0,0,0,0,0,0,0,0,0,0,0,0,0,0,0,0,0,0,0,0,0,0,0,0,0,0,0,0,0,0,0,0,0,0,0,0,0,0,0,0,0,0,0,0,0,0,0,0,0,0,0,0,0,0,0,0,0,0,0,0,0,0,0,0,0,0,0,0,0,0,0,0,0,0,0,0,0,0,0,0,0,0,0,0,0,0,0,0,0,0,0,0,0,0,0,0,0,334,445,683,1710,1872,1424,687,1587,1446,1302,835,982,354,804,449,745,654,1029,724,912,470,804,533,567,334,944,551,599,686,1526,469,4416,329,5882,4158,4482,5320,6926,4805,4286,4192,6022,5091,5071,5266,6165,3981,5301,4096,5510,6657,7770,6676,6056,9622,1867,2863,2127,9583,10078,11175,8568,10661,10965,13701,9719,10221,8314,6976,6999,5164,5609,5083,326,28727,34627,39794,48455,52654,59999,69328,49966,58917,61956,52887,50646,201,232,392,10267,9785,6793,9491,7419,7246,9075,7418,2429,5465,7761,4044,2190,3048,3284,2372,2163,2480,9086,8873,5243,4243,3219,3715,1593,1375,1203,1116,2000,2048,21796,36527,41370,29438,15842,30136,26112,17795,23782,29207,6105,5507,5431,4800,5976,3552,2024
"Holding companies; long-term debt securities; asset","Currency","1000000","USD",Z1/Z1/LM734022605.Q,LM734022605.Q,0,ND,ND,ND,0,ND,ND,ND,0,ND,ND,ND,0,ND,ND,ND,0,ND,ND,ND,0,ND,ND,ND,0,0,0,0,0,0,0,0,0,0,0,0,0,0,0,0,0,0,0,0,0,0,0,0,0,0,0,0,0,0,0,0,0,0,0,0,0,0,0,0,0,0,0,0,0,0,0,0,0,0,0,0,0,0,0,0,0,0,0,0,0,0,0,0,0,0,0,0,0,0,0,0,0,0,0,0,0,0,0,0,0,0,0,0,0,0,0,0,0,0,0,0,0,0,0,0,1500,1600,1700,1800,2055,2300,2600,3000,3349,3000,2700,2400,2065,2500,3000,3500,3722,3800,3800,3900,3904,3700,3643,3700,3860,2900,1904,2300,2700,2750,2773,3600,4492,4100,3874,4600,5345,5900,6528,8100,9710,8800,8037,8376,7910,8624,9122,9124,9347,8345,8227,8446,9492,9437,9337,8950,10714,11553,9459,8921,8389,8139,8062,8584,8761,10694,10665,13554,14059,13379,14894,15608,16169,17166,16531,17347,16972,15951,17458,15363,16178,15285,16555,17670,19873,20833,22195,21214,25407,29069,24856,26409,22693,21728,21191,20786,30353,20512,19230,19827,19114,19864,19213,18879,22972,25813,26344,25907,25139,30602,36466,29575,28819,28841,29023,29355,31294,30104,38732,27038,24314,26423,28464,29981,31127,28611,27105,32090,53618,55055,78243,69857,65403,54596,59284,60005,61499,62280,44749,89837,79399,79067,81337,85938,78434,134905,99464,107404,100961,103119,111326,113420,72796,68484,75261,80249,71983,66107,67276,71453,51248,48499,50490,49394,54224,50008,67241,54035,62302,73655,78242,89049,92224,95543,105640,123406,126766,121489,125110,116148,122432,145458,144104,139092,146447,148866,166439,176426,181748,168630,166253,174220,182360,170809,173643
"Holding companies; Treasury securities; asset","Currency","1000000","USD",Z1/Z1/LM733061103.Q,LM733061103.Q,0,ND,ND,ND,0,ND,ND,ND,0,ND,ND,ND,0,ND,ND,ND,0,ND,ND,ND,0,ND,ND,ND,0,0,0,0,0,0,0,0,0,0,0,0,0,0,0,0,0,0,0,0,0,0,0,0,0,0,0,0,0,0,0,0,0,0,0,0,0,0,0,0,0,0,0,0,0,0,0,0,0,0,0,0,0,0,0,0,0,0,0,0,0,0,0,0,0,0,0,0,0,0,0,0,0,0,0,0,0,0,0,0,0,0,0,0,0,0,0,0,0,0,0,0,0,0,0,0,120,128,136,144,164,184,208,240,268,240,216,192,165,200,240,280,298,304,304,312,312,296,291,296,309,232,152,184,216,220,222,288,359,328,310,368,428,472,522,648,777,704,643,670,633,690,730,730,748,668,658,676,759,755,747,716,857,924,757,735,562,533,919,1561,1055,4019,3981,5616,6264,5605,5993,5719,5500,6050,4953,4958,4702,4064,5762,3119,3494,2872,2842,3396,4106,3649,2961,2744,4042,2285,1701,984,928,1164,1174,896,8861,935,1086,1114,848,845,942,856,1214,1290,1750,1423,1301,1168,2369,3010,2745,2163,2425,1564,1986,1588,2381,2410,1121,2675,2689,2323,2566,766,848,721,7177,6424,11960,13796,3127,565,7080,4196,5846,5821,5039,17264,19700,16133,8991,20434,26848,31423,7296,10776,7953,9094,18072,16541,15908,15650,20667,21681,13125,9612,8409,12270,9425,9195,8232,6944,9033,11727,18435,13819,20632,25024,30930,32541,32993,32485,37746,53560,55810,53359,54426,53941,61639,84232,86512,83824,92611,99788,120585,130572,133582,122940,121945,126764,132379,123283,123744
"Holding companies; agency- and GSE-backed securities; asset","Currency","1000000","USD",Z1/Z1/LM733061703.Q,LM733061703.Q,0,ND,ND,ND,0,ND,ND,ND,0,ND,ND,ND,0,ND,ND,ND,0,ND,ND,ND,0,ND,ND,ND,0,0,0,0,0,0,0,0,0,0,0,0,0,0,0,0,0,0,0,0,0,0,0,0,0,0,0,0,0,0,0,0,0,0,0,0,0,0,0,0,0,0,0,0,0,0,0,0,0,0,0,0,0,0,0,0,0,0,0,0,0,0,0,0,0,0,0,0,0,0,0,0,0,0,0,0,0,0,0,0,0,0,0,0,0,0,0,0,0,0,0,0,0,0,0,0,330,352,374,396,452,506,572,660,737,660,594,528,454,550,660,770,819,836,836,858,859,814,801,814,849,638,419,506,594,605,610,792,988,902,852,1012,1176,1298,1436,1782,2136,1936,1768,1843,1740,1897,2007,2007,2056,1836,1810,1858,2088,2076,2054,1969,2357,2542,2081,2032,1464,1606,2048,1801,2457,1807,1633,2366,2242,2277,2504,2549,3222,3489,3842,4334,4964,4206,3996,4253,4794,4865,4943,4835,5029,4643,5327,4451,5604,8754,5893,6528,6741,6206,4206,4035,5409,4819,5046,5158,4878,5340,5142,5070,6289,10286,11603,11021,10836,11659,11050,12313,11750,12639,13013,14462,13650,13695,12918,11634,11284,12030,13403,12832,11447,12863,11891,13041,10034,13160,28573,16803,26069,21782,22502,22467,24441,22669,22212,30227,21178,22331,31629,43415,33243,36247,20074,20946,22300,24997,24101,28172,26744,24666,26694,26531,26511,29108,28180,28761,21932,19946,21207,20366,23111,21162,15475,25998,25280,32012,30291,39567,39341,41653,41864,41106,43100,41185,38688,36473,33830,30682,29122,27157,24661,22395,21194,19609,19235,19092,18682,18042,18025,18156,18590
"Holding companies; corporate and foreign bonds; asset","Currency","1000000","USD",Z1/Z1/LM733063003.Q,LM733063003.Q,0,ND,ND,ND,0,ND,ND,ND,0,ND,ND,ND,0,ND,ND,ND,0,ND,ND,ND,0,ND,ND,ND,0,0,0,0,0,0,0,0,0,0,0,0,0,0,0,0,0,0,0,0,0,0,0,0,0,0,0,0,0,0,0,0,0,0,0,0,0,0,0,0,0,0,0,0,0,0,0,0,0,0,0,0,0,0,0,0,0,0,0,0,0,0,0,0,0,0,0,0,0,0,0,0,0,0,0,0,0,0,0,0,0,0,0,0,0,0,0,0,0,0,0,0,0,0,0,0,1050,1120,1190,1260,1439,1610,1820,2100,2344,2100,1890,1680,1446,1750,2100,2450,2605,2660,2660,2730,2733,2590,2551,2590,2702,2030,1333,1610,1890,1925,1941,2520,3145,2870,2712,3220,3741,4130,4570,5670,6797,6160,5626,5863,5537,6037,6385,6387,6543,5841,5759,5912,6645,6606,6536,6265,7500,8087,6621,6154,6363,6000,5095,5222,5249,4868,5051,5572,5553,5497,6397,7340,7447,7627,7736,8055,7306,7681,7700,7991,7890,7548,8770,9439,10738,12541,13907,14019,15761,18030,17262,18897,15024,14358,15811,15855,16083,14758,13098,13555,13388,13679,13129,12953,15469,14237,12991,13463,13002,17775,23047,14252,14324,14039,13585,13329,15658,14821,23433,12994,11909,11718,12372,14826,17114,14982,14366,18328,36407,35471,37710,39258,36207,32249,29702,33342,31212,33790,17498,42346,38521,40603,40717,22089,18343,67235,72094,75682,70708,69028,69153,68707,30144,28168,27900,32037,32347,27387,30687,30422,19891,19358,21051,22084,22080,17119,33331,14218,16390,16619,17021,16941,19890,21405,26030,28740,27856,26945,31996,25734,26963,30544,28470,28111,29175,26683,24660,26245,28931,26598,25626,29414,31956,29370,31309
"Holding companies; other loans and advances; asset","Currency","1000000","USD",Z1/Z1/FL733069005.Q,FL733069005.Q,0,ND,ND,ND,0,ND,ND,ND,0,ND,ND,ND,0,ND,ND,ND,0,ND,ND,ND,0,ND,ND,ND,0,0,0,0,0,0,0,0,0,0,0,0,0,0,0,0,0,0,0,0,0,0,0,0,0,0,0,0,0,0,0,0,0,0,0,0,0,0,0,0,0,0,0,0,0,0,0,0,0,0,0,0,0,0,0,0,0,0,0,0,0,0,0,0,0,0,0,0,0,350,1662,3858,3946,6837,8083,5228,2954,2858,3058,2960,2840,2772,2296,2264,2598,3161,3520,4637,4300,4904,5372,4914,4901,4677,4667,4496,3400,3500,3600,3700,3781,3700,3800,3800,3810,4000,4200,4400,4628,4500,4400,4300,4230,4100,4000,3900,3703,2700,3167,3650,4092,3500,2928,3000,3053,2600,2240,2450,2726,2300,1970,2400,2797,2800,2915,2500,2127,2000,2247,2802,3825,4430,4535,4060,4566,6294,5951,5906,4339,5779,5085,7152,5857,6361,6078,4706,5652,4748,3677,3409,3530,3303,2929,4399,3877,3485,3955,3493,2012,1819,2293,2138,1942,2589,2312,2005,2356,1980,2069,2221,2564,2161,2152,1886,2538,2716,2461,2473,4268,3742,4358,1659,2700,1984,4120,1872,1754,2830,2757,2736,2045,2183,2186,2224,2969,2707,6760,6943,7953,8195,7484,7895,5466,4252,3585,3865,8215,7774,4519,4608,5573,3914,4133,4572,6276,5881,7045,6359,8241,16681,15910,16194,14604,16998,18406,18484,19320,27333,24647,25254,22899,53066,53043,107899,105333,105987,110734,100514,75694,73031,64118,63838,64817,62331,55103,37677,23923,23382,22228,24703,22839,104022,103731,114278,123080,121099,115058,105728,104269,107241,112866,125850,117658,128723,119037,104602,106605,121170,129590,125062,130224,150519,145486,150378,30628,29854,31296,29345,29043,28369,28683
"Holding companies; U.S. direct investment abroad: intercompany debt (market value)","Currency","1000000","USD",Z1/Z1/LM733092305.Q,LM733092305.Q,0,ND,ND,ND,0,ND,ND,ND,0,ND,ND,ND,0,ND,ND,ND,0,ND,ND,ND,0,ND,ND,ND,0,0,0,0,0,0,0,0,0,0,0,0,0,0,0,0,0,0,0,0,0,0,0,0,0,0,0,0,0,0,0,0,0,0,0,0,0,0,0,0,0,0,0,0,0,0,0,0,0,0,0,0,0,0,0,0,0,0,0,0,0,0,0,0,0,0,0,0,0,0,0,0,0,0,0,0,0,0,0,0,0,0,0,0,0,0,0,0,0,0,0,0,0,0,0,0,0,0,0,0,0,0,0,0,0,0,0,0,0,0,0,0,0,0,0,0,0,0,0,0,0,0,0,0,0,0,0,0,0,0,0,0,0,0,0,0,0,0,0,0,0,0,0,0,0,0,0,0,0,0,0,0,0,0,0,0,0,0,0,0,0,0,0,0,0,0,0,0,0,0,0,0,0,0,0,0,0,0,0,0,0,0,0,0,0,0,0,0,0,0,0,0,0,0,0,0,0,0,0,0,0,0,0,0,0,0,0,0,0,0,0,0,0,0,0,0,0,0,0,0,0,0,0,0,0,0,0,0,0,9886,10948,11832,12368,10717,9883,9628,10292,9641,9489,8425,8279,9681,9870,9888,9899,7985,7907,6722,5956,8914,9895,11198,11707,11197,10414,8491,8790,8411,8098,8020,8322,8701,7489,7610,6650,8373,8529,8041,8194,4660,4898,2985,3916,2093,3295,2134,2032,1672,1410,479,-1960,-3994,-2309,-4462,-4057,-2789,-3868,-3266,-3249,-2704,-2476
"Holding companies; U.S. direct investment abroad: equity (market value)","Currency","1000000","USD",Z1/Z1/LM733092103.Q,LM733092103.Q,0,ND,ND,ND,0,ND,ND,ND,0,ND,ND,ND,0,ND,ND,ND,0,ND,ND,ND,0,ND,ND,ND,0,0,0,0,0,0,0,0,0,0,0,0,0,0,0,0,0,0,0,0,0,0,0,0,0,0,0,0,0,0,0,0,0,0,0,0,0,0,0,0,0,0,0,0,0,0,0,0,0,0,0,0,0,0,0,0,0,0,0,0,0,0,0,0,0,0,0,0,0,0,0,0,0,0,0,0,0,0,0,0,0,0,0,0,0,0,0,0,0,0,0,0,0,0,0,0,0,0,0,0,0,0,0,0,0,0,0,0,0,0,0,0,0,0,0,0,0,0,0,0,0,0,0,0,0,0,0,0,0,0,0,0,0,0,0,0,0,0,0,0,0,0,0,0,0,0,0,0,0,0,0,0,0,0,0,0,0,0,0,0,0,0,0,0,0,0,0,0,0,0,0,0,0,0,0,0,0,0,0,0,0,0,0,0,0,0,0,0,0,0,0,0,0,0,0,0,0,0,0,0,0,0,0,0,0,0,0,0,0,0,0,0,0,0,0,0,0,0,0,0,0,0,0,0,0,0,0,0,0,132496,166954,207874,225275,230289,203094,236547,251992,254263,240499,186776,184108,201642,186978,200656,206456,203611,183006,185504,180325,207389,241302,254127,272279,266024,250138,215787,206914,214218,215464,235785,245599,256900,263593,273801,281950,262443,258566,249550,217156,259386,281789,295505,337628,270144,321199,346326,408679,422394,455430,455774,491733,452427,373986,328159,360576,397258,408960,388966,435991,488771,491946
"Holding companies; equity investment in affiliates; asset","Currency","1000000","USD",Z1/Z1/FL733094635.Q,FL733094635.Q,0,ND,ND,ND,0,ND,ND,ND,0,ND,ND,ND,0,ND,ND,ND,0,ND,ND,ND,0,ND,ND,ND,0,0,0,0,0,0,0,0,0,0,0,0,0,0,0,0,0,0,0,0,0,0,0,0,0,0,0,0,0,0,0,0,0,0,0,0,0,0,0,0,0,0,0,0,0,0,0,0,0,0,0,0,0,0,0,0,0,0,0,0,0,0,0,0,0,0,0,0,0,900,1800,2700,3600,4500,5400,7200,9000,9900,10800,12600,13500,14400,15300,17100,18900,20085,21065,21343,22303,23913,25719,27309,28290,29990,31955,33960,36020,37140,38192,39380,41035,42232,43352,44472,47213,48046,49933,50919,52803,53625,54352,56363,58986,60027,62284,64027,64977,66494,69811,72247,77350,76546,74551,85147,92177,89364,89181,97300,105697,101598,98868,113583,124687,125314,128322,136660,141268,148975,174895,178937,184019,188930,177728,183380,185232,184641,192311,198400,202202,207931,212436,211833,210830,215565,219308,220791,218294,221342,223575,226335,228794,234614,244642,251980,259684,269686,279031,286718,298465,300753,306966,314674,316908,331228,341368,352463,354955,362023,372792,378361,384575,396904,412320,424432,427120,441534,456869,467405,501107,511649,512361,517342,530835,549224,559673,586297,604731,643483,662345,686833,692204,699052,717599,733009,756681,773685,799108,807772,820875,862923,902387,997019,1042207,1060344,1088667,1098312,1131949,1123102,1175942,1219349,1276756,1281072,1303093,1357669,1369010,1385571,1377489,1365773,1363555,1525499,1532453,1579195,1563693,1566972,1616275,1604416,1579088,1603404,1640751,1720363,1681313,1994193,2044090,2208749,2168840,2191557,2190913,2213264,2252358,2273683,2269003,2253800,2248928,2244440,2306465,2374851,2122374,2165314,2166818,2225010,2177261,2158103,2169807,2171822,2152785,2194249,2198641,2170608,2255671,2252077,2299580,2298195,2283148,2359568,2332096,2346958,2366920,2393165,2438189,2464696,2454573,2415486,2431014,2439021,2453831,2487879,2477205,2483457,2477971,2456846,2481921
"Holding companies; life insurance reserves; asset","Currency","1000000","USD",Z1/Z1/FL733040005.Q,FL733040005.Q,0,ND,ND,ND,0,ND,ND,ND,0,ND,ND,ND,0,ND,ND,ND,0,ND,ND,ND,0,ND,ND,ND,0,0,0,0,0,0,0,0,0,0,0,0,0,0,0,0,0,0,0,0,0,0,0,0,0,0,0,0,0,0,0,0,0,0,0,0,0,0,0,0,0,0,0,0,0,0,0,0,0,0,0,0,0,0,0,0,0,0,0,0,0,0,0,0,0,0,0,0,0,0,0,0,0,0,0,0,0,0,0,0,0,0,0,0,0,0,0,0,0,0,0,0,0,0,0,0,0,0,0,0,0,0,0,0,0,0,0,0,0,0,0,0,0,0,0,0,0,0,0,0,0,0,0,0,0,0,0,0,0,0,0,0,0,0,0,0,0,0,0,0,0,0,0,0,0,0,0,0,0,0,0,0,0,0,0,0,0,0,0,0,0,0,0,0,0,0,0,0,0,0,0,0,0,0,0,0,0,0,0,0,0,0,0,0,0,0,0,0,0,0,0,0,0,0,0,0,0,0,0,0,0,0,0,0,0,0,0,0,0,0,0,0,0,0,0,0,0,15517,14798,15121,15160,15129,15597,19773,20450,20163,16720,17277,19289,20974,20630,21404,21352,22035,24347,24690,25105,25149,25024,26492,27552,33685,34751,36202,34876,36114,36401,37530,39933,41116,42429,43630,44963,46013,47013,48013,49013,50013,51013,52013,53013,54013,55013,56013,57013,58013,59013,60013,61013,62013,63013,64013,65013,66014,67014,68014,69015,70015,71015,72015,73016,74016,75016,76016,77017,78017,79017,80017,81018,82018,83018
"Holding companies; total miscellaneous assets","Currency","1000000","USD",Z1/Z1/FL733090005.Q,FL733090005.Q,0,ND,ND,ND,0,ND,ND,ND,0,ND,ND,ND,0,ND,ND,ND,0,ND,ND,ND,0,ND,ND,ND,0,0,0,0,0,0,0,0,0,0,0,0,0,0,0,0,0,0,0,0,0,0,0,0,0,0,0,0,0,0,0,0,0,0,0,0,0,0,0,0,0,0,0,0,0,0,0,0,0,0,0,0,0,0,0,0,0,0,0,0,0,0,0,0,0,0,0,0,0,490,833,707,1149,1810,2890,1666,2765,1821,2040,2536,2609,2779,3527,4875,6131,9362,11625,17352,16404,18093,18281,15294,16079,16404,18132,20059,20628,21472,22381,23050,23842,24996,25414,25826,25776,26750,26228,26402,27656,28850,29924,30313,30179,30593,31577,32807,36420,35043,35501,39653,41953,45219,49256,48743,51804,53271,55422,58762,62106,67032,70412,70649,74239,77903,80254,80561,86139,85164,82241,85798,89012,93210,94318,98207,99269,99876,101227,101722,103602,102235,106215,107690,112259,108608,102020,110143,102562,100436,100301,97643,99341,79065,78629,80731,83089,81990,85840,85120,90874,90477,87036,90827,96979,98820,104214,106739,112640,113633,117101,113714,117754,122072,126240,132027,143709,155911,169866,180915,178917,184819,198404,190626,182254,189003,191140,199013,206523,230513,235319,243131,222715,228060,221804,226711,233247,245820,259979,268962,277075,285199,284400,286048,292641,280971,295272,316671,330235,319909,335873,341332,369944,370488,398901,409314,422537,460336,518325,504249,611595,1032542,998275,945835,947309,890799,882570,904205,860287,876159,879147,856380,861979,1169468,1102253,1070600,1195891,1239985,1235304,1212669,1129227,1120420,1155955,1112701,1092154,1103356,1126082,1075448,996562,1018822,1001808,1146986,1135458,1028200,1019177,1043435,1045279,1022238,996305,993969,973787,1022274,1041336,1024756,978203,998717,965851,951059,974260,974595,1026325,1052894,1060384,1114179,1065984,1040696,1154540,1170987,1193168,1224135,1269807,1302946,1291388
"Holding companies; other investment in affiliates; asset","Currency","1000000","USD",Z1/Z1/FL733094735.Q,FL733094735.Q,0,ND,ND,ND,0,ND,ND,ND,0,ND,ND,ND,0,ND,ND,ND,0,ND,ND,ND,0,ND,ND,ND,0,0,0,0,0,0,0,0,0,0,0,0,0,0,0,0,0,0,0,0,0,0,0,0,0,0,0,0,0,0,0,0,0,0,0,0,0,0,0,0,0,0,0,0,0,0,0,0,0,0,0,0,0,0,0,0,0,0,0,0,0,0,0,0,0,0,0,0,0,100,200,300,400,500,600,800,1000,1169,1334,1673,2065,2635,3407,4304,5050,6300,6684,9216,9531,10601,10823,11824,12211,13600,14387,15311,17980,18860,19808,20620,21726,21768,22648,23528,23828,24454,24067,24581,25793,26876,28148,28637,28425,29973,30716,31973,35007,31506,34249,37753,40010,42954,47450,46853,49378,52638,53539,55700,59232,62402,66956,66417,69964,73686,76216,76840,81976,79026,74310,77872,82056,85125,86724,89273,91108,91711,93344,94047,95880,94006,97711,99490,102620,98884,92224,100517,93282,91663,90913,88709,90035,69898,68084,70383,72750,70949,73891,73739,79358,78732,75947,79417,85047,86801,91979,94873,99331,100434,103389,100275,102757,107003,110259,116516,126378,137306,149707,159366,155029,162520,170249,162943,152805,156668,157729,164416,171319,189876,195938,200596,181039,183059,174333,176798,180590,189675,203511,207551,214561,220076,217478,221205,226233,213073,225520,243305,253788,257309,271154,279032,303939,295813,324199,340808,356184,384491,437364,433210,536671,902396,867525,817337,803523,751825,745314,769827,722924,729149,727245,713479,721903,765195,731221,828062,950636,995279,991997,950887,952524,948507,985349,961740,947856,964876,1000701,957477,890218,909775,895418,1038324,1031091,939565,926836,939930,967209,956426,925230,924545,905686,954701,974057,969928,933900,958168,922132,911956,933308,931913,981679,1010183,1020860,1070601,1024334,995192,1115526,1133858,1158004,1184668,1238486,1267496,1254452
"Holding companies; unidentified miscellaneous assets","Currency","1000000","USD",Z1/Z1/FL733093005.Q,FL733093005.Q,0,ND,ND,ND,0,ND,ND,ND,0,ND,ND,ND,0,ND,ND,ND,0,ND,ND,ND,0,ND,ND,ND,0,0,0,0,0,0,0,0,0,0,0,0,0,0,0,0,0,0,0,0,0,0,0,0,0,0,0,0,0,0,0,0,0,0,0,0,0,0,0,0,0,0,0,0,0,0,0,0,0,0,0,0,0,0,0,0,0,0,0,0,0,0,0,0,0,0,0,0,0,390,633,407,749,1310,2290,866,1765,652,706,863,544,144,120,571,1081,3062,4941,8136,6873,7492,7458,3470,3868,2804,3745,4748,2648,2612,2573,2430,2116,3228,2766,2298,1948,2296,2161,1821,1863,1974,1776,1676,1754,620,861,834,1413,3537,1252,1900,1943,2265,1806,1890,2426,633,1883,3062,2874,4630,3456,4232,4275,4217,4038,3721,4163,6138,7931,7926,6956,8085,7594,8934,8161,8165,7883,7675,7722,8229,8504,8200,9639,9724,9796,9626,9280,8773,9388,8934,9306,9167,10545,10348,10339,11041,11949,11381,11516,11745,11089,11410,11932,12019,12235,11866,13309,13199,13712,13439,14997,15069,15981,15511,17331,18605,20159,21549,23888,22299,28155,27683,29449,32335,33411,34597,35204,40637,39381,42535,41676,45001,47471,49913,52657,56145,56468,61411,62514,65123,66922,64843,66408,67898,69752,73366,76447,62600,64719,62300,66005,74675,74702,68506,66353,75845,80961,71039,74924,130146,130750,128498,143786,138974,137256,134378,137363,147010,151902,142901,140076,404273,371032,242538,245255,244706,243307,261782,176703,171913,170606,150961,144298,138480,125381,117971,106344,109047,106390,108662,104367,88635,92341,103505,78070,65812,71075,69424,68101,67573,67279,54828,44303,40549,43719,39103,40952,42682,44646,42711,39524,43578,41650,45504,39014,37129,35164,39467,31321,35450,36936
"Holding companies; total liabilities and equity","Currency","1000000","USD",Z1/Z1/FL734194005.Q,FL734194005.Q,2325,ND,ND,ND,2616,ND,ND,ND,2228,ND,ND,ND,2009,ND,ND,ND,1975,ND,ND,ND,2053,ND,ND,ND,2053,1968,1890,2028,2188,2170,2238,2254,2157,2044,2057,2382,2741,2790,2737,2828,2924,2797,2860,2999,3013,2940,2643,2824,2898,2835,4856,5052,4953,5330,5617,6223,6438,6079,6135,5795,7022,6796,6727,6798,8423,7832,6206,5731,8041,8548,9438,10281,9895,10914,11379,11599,11289,19546,18328,19950,19840,18350,18206,15681,19948,20383,18984,20901,19714,21251,24449,25699,29499,32046,36916,38309,39876,46153,42535,40781,39935,43293,38664,40102,44749,48972,48976,55722,63929,60487,57919,67629,62998,64522,50388,41410,43147,49010,55706,48968,52858,60889,63411,62121,66480,65232,66287,66766,69230,70495,73720,78593,78617,80584,83485,87457,85692,79668,89662,90451,94363,93755,105217,107850,111482,112333,109656,115485,122068,128503,134561,141059,153136,148815,145372,159731,167898,179026,195337,192674,216621,243405,255925,249084,272117,294351,294162,296996,267797,278717,296736,307423,301655,320140,338864,353403,331233,317549,303993,257218,251462,274560,288040,308275,322714,352419,366371,372671,418529,453302,442347,463926,463564,463796,479449,471385,472788,516311,566395,624704,654300,706225,710877,763340,904542,942180,1063841,1188737,1302692,1436731,1459311,1221711,1420940,1443467,1529820,1354906,1392337,1383678,1369416,1590464,1629389,1634483,1763138,1620745,1723397,1798154,1721262,1515966,1586370,1548794,1777127,1822591,1996333,2067504,2024799,2068960,2197063,2105596,2172726,2152411,2247886,2313579,2368597,2485899,2613506,2541099,2550922,2530410,2308187,2208132,2051454,2331614,2169168,2536762,2757673,3111928,2910558,3066557,2848956,2947986,3056404,3109514,3011966,2641800,2663278,3811153,3580695,3572894,3674043,3870933,3968066,4001149,4052648,4106434,4113798,4094140,4190218,4069979,4194019,3903479,3609407,3384290,3388053,3710089,4184562,4192330,4237003,4349534,4550226,4467601,4376035,4404425,3914810,4114810,4294476,4303023,4555556,3568951,3833731,3784737,4423813,4896515,5141918,5236585,5270285,5086909,4579534,4550025,4837881,4584363,4621536,4512384,5052019,5306547,5327285
"Holding companies; total liabilities","Currency","1000000","USD",Z1/Z1/FL734190005.Q,FL734190005.Q,0,ND,ND,ND,0,ND,ND,ND,0,ND,ND,ND,0,ND,ND,ND,0,ND,ND,ND,0,ND,ND,ND,0,0,0,0,0,0,0,0,0,0,0,0,0,0,0,0,0,0,0,0,0,0,0,0,0,0,0,0,0,0,0,0,0,0,0,0,0,0,0,0,0,0,0,0,0,0,0,0,0,0,0,0,0,0,0,0,0,0,0,0,0,0,0,0,0,0,0,0,0,595,1825,3559,4708,7623,8741,5888,5022,4976,5426,7496,7789,7472,8005,8936,9432,11128,12357,14783,14678,16011,16854,16230,16833,17454,18715,20004,23400,24800,26200,27500,29066,30600,32000,33100,35164,36400,37300,38200,41027,42400,42600,44600,46735,47000,49100,51100,54059,50500,55906,64500,64886,67700,69944,73000,74197,75000,77045,84000,89074,93000,96206,101000,105183,109000,112373,118000,123236,129000,139436,144838,150809,159566,161959,168549,166655,168289,171541,174480,172003,179350,178888,181650,181345,179854,169172,160441,148460,143312,140486,137348,137044,139356,135133,140307,140028,145229,146093,147139,149331,151046,153395,156122,164565,169373,174336,180909,180180,185431,189765,190474,204427,211452,224696,234009,244205,262299,279054,288810,295857,305721,318110,325283,351033,344063,356147,372797,384383,409215,416125,430605,425259,434472,432633,438877,457592,476113,499671,500302,519458,555114,551128,578018,581450,607255,634603,646037,661143,681559,719600,741032,786644,795947,845216,896744,959256,989034,1106626,1060450,1127315,1697428,1704208,1732954,1680632,1658854,1636244,1727502,1668405,1694466,1704910,1676328,1611106,1940446,1849904,2118680,2159512,2210198,2172882,2173278,2059244,2057646,2063911,2026871,2020125,2000936,1987764,1914471,1551071,1581984,1593361,1733653,1708133,1725266,1795376,1802494,1820773,1800178,1767610,1787358,1753751,1817942,1877155,1881685,1858772,1958996,2034202,2000426,2030472,1993171,2072149,2091176,2130088,2162609,2174194,2190950,2248688,2265423,2268043,2261153,2339501,2365295,2357576
"Holding companies; security repurchase agreements; liability","Currency","1000000","USD",Z1/Z1/FL732151003.Q,FL732151003.Q,0,ND,ND,ND,0,ND,ND,ND,0,ND,ND,ND,0,ND,ND,ND,0,ND,ND,ND,0,ND,ND,ND,0,0,0,0,0,0,0,0,0,0,0,0,0,0,0,0,0,0,0,0,0,0,0,0,0,0,0,0,0,0,0,0,0,0,0,0,0,0,0,0,0,0,0,0,0,0,0,0,0,0,0,0,0,0,0,0,0,0,0,0,0,0,0,0,0,0,0,0,0,0,0,0,0,0,0,0,0,0,0,0,0,0,0,0,0,0,0,0,0,0,0,0,0,0,0,0,0,0,0,0,0,0,0,0,0,0,0,0,0,0,0,0,0,0,0,0,0,0,0,0,0,0,0,0,0,0,0,0,0,0,0,0,0,0,0,0,0,0,0,0,0,0,0,0,0,0,0,0,0,0,0,0,0,0,0,156,200,47,44,37,41,38,45,142,104,93,253,124,22,124,21,96,63,135,2038,72,258,136,137,59,752,568,473,584,1327,1388,5046,4756,6141,4372,4529,5086,7354,5441,5387,5184,5848,5644,5743,6121,4882,4917,6263,5314,6629,12773,16489,8801,8086,10770,3248,4064,2930,9964,12157,12609,9138,10603,10630,13032,10253,10609,8804,7645,7735,5721,5993,4912,713,696,813,621,553,1002,1264,2324,795,1118,1313,1188,1216,1138,1052,1171,49,31,30,30,30,25,25,25,25,42,64,89,95,80,73,76,66,44,29,65,57,173,172,58,12,7,7,7,9,7,11,25,7,116,75,109,41,81,33,34,7,44,29,100,3,8,3
"Holding companies; debt securities; liability","Currency","1000000","USD",Z1/Z1/FL734122005.Q,FL734122005.Q,0,ND,ND,ND,0,ND,ND,ND,0,ND,ND,ND,0,ND,ND,ND,0,ND,ND,ND,0,ND,ND,ND,0,0,0,0,0,0,0,0,0,0,0,0,0,0,0,0,0,0,0,0,0,0,0,0,0,0,0,0,0,0,0,0,0,0,0,0,0,0,0,0,0,0,0,0,0,0,0,0,0,0,0,0,0,0,0,0,0,0,0,0,0,0,0,0,0,0,0,0,0,200,1245,2595,4294,7415,8581,5672,3449,3811,3851,4042,4211,4843,5179,6106,6789,7916,8956,10088,9959,11575,12961,15107,15192,16049,15974,16231,19954,20327,20508,21394,22230,22965,24230,25315,26200,27446,30299,31675,35095,36500,39804,41581,41741,44621,45613,46721,50268,47186,52144,57604,59772,61365,65793,63112,67268,69393,72141,76303,80212,77571,87546,88778,96289,99512,102811,108260,115158,110538,126260,131499,136561,144990,147775,153608,150601,152703,152835,153750,150137,158026,157584,161207,161047,158940,148213,135337,124843,119572,116344,114275,114541,117436,113208,115003,113917,119093,120869,122287,126469,126970,130201,133818,142559,147694,152231,157789,157195,163111,167123,166220,165690,165783,173877,180176,184907,197449,209468,217840,219936,230366,237352,242036,253649,261807,271142,242985,250455,273912,261338,263257,256532,250053,248923,253248,268115,323031,341903,346612,362965,390324,379975,401877,398781,407559,419616,429645,440011,455363,497206,508643,539047,557771,599130,631243,659051,686088,735379,699194,664312,1177700,1178841,1185725,1157773,1147763,1099542,1174127,1150286,1156677,1202500,1180693,1160753,1277137,1197205,1411584,1401424,1395481,1360256,1351609,1384368,1385594,1386748,1377040,1374162,1366209,1371853,1343448,1195119,1229652,1250487,1281752,1261541,1270686,1319414,1333598,1325999,1312440,1299662,1298777,1301256,1337470,1370958,1373507,1350035,1432946,1495107,1461288,1479919,1442209,1524801,1517694,1544939,1531079,1516633,1472610,1541766,1547955,1541233,1486378,1556280,1558228,1535057
"Holding companies; commercial paper; liability","Currency","1000000","USD",Z1/Z1/FL733169103.Q,FL733169103.Q,0,ND,ND,ND,0,ND,ND,ND,0,ND,ND,ND,0,ND,ND,ND,0,ND,ND,ND,0,ND,ND,ND,0,0,0,0,0,0,0,0,0,0,0,0,0,0,0,0,0,0,0,0,0,0,0,0,0,0,0,0,0,0,0,0,0,0,0,0,0,0,0,0,0,0,0,0,0,0,0,0,0,0,0,0,0,0,0,0,0,0,0,0,0,0,0,0,0,0,0,0,0,200,1245,2595,4294,6477,7603,4618,2349,1692,1733,1900,1973,2172,1971,2368,2637,3456,4283,5231,4881,6045,6952,8639,8332,8954,8791,8798,8654,8427,8008,7894,7859,7965,8530,8915,9135,10146,12027,13005,15835,16435,18956,20415,20382,22502,22624,23062,25943,25767,28857,32609,32959,34634,38016,33685,34550,34981,35612,37158,38007,41384,45904,43025,44140,45638,45596,45557,46380,38361,45439,45183,50782,54679,53864,56919,52492,53236,52547,54893,51877,58391,57392,59403,60043,59527,51008,43795,35569,30171,27353,25948,25430,25649,24752,24965,22436,23885,24898,25480,27950,29565,30660,32944,33948,34444,34341,36813,33112,34992,37521,34672,30740,32197,33937,34542,37609,41826,48001,49965,45421,46431,48863,45569,54501,50776,52452,54141,55721,63357,62655,62405,50609,56463,43445,46591,48311,44555,39581,40898,42278,57089,51710,52081,53112,59810,57915,63307,57143,58712,74398,75138,81730,86019,90345,102141,116712,115762,130322,115851,77705,56148,51880,55614,60786,73973,63721,64386,64767,73651,76958,71721,75876,87182,87018,116963,116436,117743,110567,109375,96552,89675,91308,81883,76963,69965,56274,16009,5659,5583,4599,2834,2202,3278,3300,4281,4428,2981,3887,5046,5933,6179,6379,3834,5860,5414,4887,3571,5152,5516,6522,6482,8122,7472,8813,9189,9544,9003,12404,11018,12639,11362,9715
"Holding companies; corporate and foreign bonds; liability","Currency","1000000","USD",Z1/Z1/FL733163005.Q,FL733163005.Q,0,ND,ND,ND,0,ND,ND,ND,0,ND,ND,ND,0,ND,ND,ND,0,ND,ND,ND,0,ND,ND,ND,0,0,0,0,0,0,0,0,0,0,0,0,0,0,0,0,0,0,0,0,0,0,0,0,0,0,0,0,0,0,0,0,0,0,0,0,0,0,0,0,0,0,0,0,0,0,0,0,0,0,0,0,0,0,0,0,0,0,0,0,0,0,0,0,0,0,0,0,0,0,0,0,0,938,978,1054,1100,2119,2118,2142,2238,2671,3208,3738,4152,4460,4673,4857,5078,5530,6009,6468,6860,7095,7183,7433,11300,11900,12500,13500,14371,15000,15700,16400,17065,17300,18272,18670,19260,20065,20848,21166,21359,22119,22989,23659,24325,21419,23287,24995,26813,26731,27777,29427,32718,34412,36529,39145,42205,36187,41642,45753,52149,53874,57215,62703,68778,72177,80821,86316,85779,90311,93911,96689,98109,99467,100288,98857,98260,99635,100192,101804,101004,99413,97205,91542,89274,89401,88991,88327,89111,91787,88456,90038,91481,95208,95971,96807,98519,97405,99541,100874,108611,113250,117890,120976,124083,128119,129602,131548,134950,133586,139940,145634,147298,155623,161467,167875,174515,183935,188489,196467,199148,211031,218690,188844,194734,210555,198683,200852,205923,193590,205478,206657,219804,278476,302322,305714,320687,333235,328265,349796,345669,347749,361701,366338,382868,396651,422808,433505,457317,471752,508785,529102,542339,570326,605057,583343,586607,1121552,1126961,1130111,1096987,1073790,1035821,1109741,1085519,1083026,1125542,1108972,1084877,1189955,1110187,1294621,1284988,1277738,1249689,1242234,1287816,1295919,1295440,1295157,1297199,1296244,1315579,1327439,1189460,1224069,1245888,1278918,1259339,1267408,1316114,1329317,1321571,1309459,1295775,1293731,1295323,1331291,1364579,1369673,1344175,1427532,1490220,1457717,1474767,1436693,1518279,1511212,1536817,1523607,1507820,1463421,1532222,1538952,1528829,1475360,1543641,1546866,1525342
"Holding companies; foreign direct investment in U.S.: intercompany debt; liability (market value)","Currency","1000000","USD",Z1/Z1/LM733192305.Q,LM733192305.Q,0,ND,ND,ND,0,ND,ND,ND,0,ND,ND,ND,0,ND,ND,ND,0,ND,ND,ND,0,ND,ND,ND,0,0,0,0,0,0,0,0,0,0,0,0,0,0,0,0,0,0,0,0,0,0,0,0,0,0,0,0,0,0,0,0,0,0,0,0,0,0,0,0,0,0,0,0,0,0,0,0,0,0,0,0,0,0,0,0,0,0,0,0,0,0,0,0,0,0,0,0,0,0,0,0,0,0,0,0,0,0,0,0,0,0,0,0,0,0,0,0,0,0,0,0,0,0,0,0,0,0,0,0,0,0,0,0,0,0,0,0,0,0,0,0,0,0,0,0,0,0,0,0,0,0,0,0,0,0,0,0,0,0,0,0,0,0,0,0,0,0,0,0,0,0,0,0,0,0,0,45,45,45,45,45,45,45,45,45,45,132,146,139,139,134,134,129,122,122,115,105,52,49,48,48,48,49,48,45,45,45,75,75,75,80,80,81,95,89,86,92,107,119,131,129,145,141,144,145,143,139,129,128,136,133,127,115,115,113,197,228,223,222,216,186,186,167,739,682,1311,1307,1334,1322,1320,1378,1808,1827,1763,1758,1737,1734,1747,2747,4436,2254,2350,2355,2485,3745,3534,3044,2975,3712,3687,3287,3177,2677,2679,2695,2912,2798,2696,2994,2594,2524,2524,2524,2475,10534,13505,13487,13644,124475,123130,129082,131869,134174,130940,119800,121282,119709,115763,119115,121532,112181,97426,98784,98577,100063,105679,106739,107678,97844,105832,101745,91708,83248,70180,70743,71173,76450,70666,71654,62282
"Holding companies; taxes payable, tax on foreign earnings retained abroad; liability","Currency","1000000","USD",Z1/Z1/FL733178013.Q,FL733178013.Q,0,ND,ND,ND,0,ND,ND,ND,0,ND,ND,ND,0,ND,ND,ND,0,ND,ND,ND,0,ND,ND,ND,0,0,0,0,0,0,0,0,0,0,0,0,0,0,0,0,0,0,0,0,0,0,0,0,0,0,0,0,0,0,0,0,0,0,0,0,0,0,0,0,0,0,0,0,0,0,0,0,0,0,0,0,0,0,0,0,0,0,0,0,0,0,0,0,0,0,0,0,0,0,0,0,0,0,0,0,0,0,0,0,0,0,0,0,0,0,0,0,0,0,0,0,0,0,0,0,0,0,0,0,0,0,0,0,0,0,0,0,0,0,0,0,0,0,0,0,0,0,0,0,0,0,0,0,0,0,0,0,0,0,0,0,0,0,0,0,0,0,0,0,0,0,0,0,0,0,0,0,0,0,0,0,0,0,0,0,0,0,0,0,0,0,0,0,0,0,0,0,0,0,0,0,0,0,0,0,0,0,0,0,0,0,0,0,0,0,0,0,0,0,0,0,0,0,0,0,0,0,0,0,0,0,0,0,0,0,0,0,0,0,0,0,0,0,0,0,0,0,0,0,0,0,0,0,0,0,0,0,0,0,0,0,0,0,0,0,0,0,0,0,0,0,0,0,0,0,0,0,0,0,0,0,0,0,0,0,0,0,0,0,0,0,0,0,4123,4123,3793,3793,3793,3793,3463,3463,3463,3463,3463,3133,3133,3133,2803,2803,2803,2803,2473,2473,2473,2473,1854,1854,1854,1854,1029
"Holding companies; total miscellaneous liabilities","Currency","1000000","USD",Z1/Z1/FL733190005.Q,FL733190005.Q,0,ND,ND,ND,0,ND,ND,ND,0,ND,ND,ND,0,ND,ND,ND,0,ND,ND,ND,0,ND,ND,ND,0,0,0,0,0,0,0,0,0,0,0,0,0,0,0,0,0,0,0,0,0,0,0,0,0,0,0,0,0,0,0,0,0,0,0,0,0,0,0,0,0,0,0,0,0,0,0,0,0,0,0,0,0,0,0,0,0,0,0,0,0,0,0,0,0,0,0,0,0,395,580,964,414,208,160,216,1573,1165,1575,3454,3578,2629,2826,2830,2643,3212,3401,4695,4719,4436,3893,1123,1641,1405,2741,3773,3446,4473,5692,6106,6836,7635,7770,7785,8964,8954,7001,6525,5932,5900,2796,3019,4994,2379,3487,4379,3791,3314,3762,6896,5114,6335,4151,9888,6929,5607,4904,7697,8862,15429,8660,12222,8894,9488,9562,9740,8078,18462,13176,13339,14248,14576,14184,14941,16054,15586,18706,20685,21821,21279,21259,20398,20253,20869,20914,24903,23372,23561,23952,22897,22323,21748,21746,25033,25885,25921,24856,24623,22788,23903,23125,22160,21895,21495,20019,23003,22682,22139,22430,24120,37910,45021,50266,53168,57876,63373,64454,66122,69673,70864,76098,78032,89885,76674,79474,124483,127937,129520,148915,161099,163709,179369,177320,180200,182733,140196,141082,144661,148184,153798,167689,171891,179553,189565,202091,203101,210683,214286,210430,218035,236024,226189,235474,256029,290707,295467,363517,354610,460543,516285,520118,544354,519956,507734,532953,547306,513790,533627,498122,490735,445450,658884,648470,703248,755360,811991,809684,818841,672150,669033,674544,647282,643414,632161,613372,560400,342352,338765,329157,327350,323396,325454,344064,334657,359654,363642,342701,365021,332927,357557,381195,392527,407839,423796,437044,435917,441734,440974,436792,472726,476473,526901,563347,632585,634262,644208,653754,696371,710698,733551,759205
"Holding companies; balances due to affiliates; liability","Currency","1000000","USD",Z1/Z1/FL733194735.Q,FL733194735.Q,0,ND,ND,ND,0,ND,ND,ND,0,ND,ND,ND,0,ND,ND,ND,0,ND,ND,ND,0,ND,ND,ND,0,0,0,0,0,0,0,0,0,0,0,0,0,0,0,0,0,0,0,0,0,0,0,0,0,0,0,0,0,0,0,0,0,0,0,0,0,0,0,0,0,0,0,0,0,0,0,0,0,0,0,0,0,0,0,0,0,0,0,0,0,0,0,0,0,0,0,0,0,0,0,0,0,0,0,0,0,0,0,0,0,0,0,0,0,0,0,0,0,0,0,0,0,0,0,0,700,700,700,800,800,800,900,900,900,900,228,230,234,235,252,734,1045,1181,1311,1641,1840,2081,2308,2505,2876,2869,1876,3173,3158,2888,2936,3255,3852,3813,3646,5247,4632,5126,4671,3897,3506,3923,4026,4043,4709,4582,4029,4776,5589,5037,7411,9393,10311,9601,9225,8638,8092,8478,8369,13273,12681,13754,14025,12991,12355,12032,12440,12822,13502,12894,11431,10589,10279,11546,10895,10153,8738,8380,7078,9343,8460,7966,7944,8968,20369,28455,33298,35514,39129,44500,45724,46687,48000,50757,53973,55696,59175,55418,56594,100576,103966,106642,124724,136370,137248,153039,149169,150922,147630,107021,110108,106313,111350,115649,129051,133071,143732,153398,164261,163034,169578,172073,167313,174756,187297,180403,187612,206015,240933,249991,310185,306406,408042,424985,426255,454549,417402,409593,436009,444163,414422,429049,390980,382914,334185,301126,298555,444023,500838,563670,560072,564348,552966,555096,555264,531973,523673,519667,498535,455162,243614,249584,237546,346168,336016,353841,371089,363427,386493,389316,366379,382494,350408,375552,394892,395359,397344,427197,429654,435175,440212,442638,440463,465780,473724,524676,550043,606478,587669,602831,609873,646960,654437,679115,690473
"Holding companies; unidentified miscellaneous liabilities","Currency","1000000","USD",Z1/Z1/FL733193005.Q,FL733193005.Q,0,ND,ND,ND,0,ND,ND,ND,0,ND,ND,ND,0,ND,ND,ND,0,ND,ND,ND,0,ND,ND,ND,0,0,0,0,0,0,0,0,0,0,0,0,0,0,0,0,0,0,0,0,0,0,0,0,0,0,0,0,0,0,0,0,0,0,0,0,0,0,0,0,0,0,0,0,0,0,0,0,0,0,0,0,0,0,0,0,0,0,0,0,0,0,0,0,0,0,0,0,0,395,580,964,414,208,160,216,1573,1165,1575,3454,3578,2629,2826,2830,2643,3212,3401,4695,4719,4436,3893,1123,1641,1405,2741,3773,2746,3773,4992,5306,6036,6835,6870,6885,8064,8054,6773,6295,5698,5665,2544,2285,3949,1198,2176,2738,1951,1233,1454,4391,2238,3466,2275,6715,3771,2719,1968,4442,5010,11616,5014,6975,4262,4362,4891,5843,4572,14539,9150,9296,9539,9994,10155,10165,10465,10549,11295,11292,11510,11678,12034,11760,12161,12391,12545,11630,10691,9807,9927,9906,9968,9716,9306,12211,12383,13027,13425,14034,12509,12357,12230,12007,13157,13115,12941,13660,14222,14173,14486,15152,17541,16566,16968,17654,18747,18873,18730,19435,21673,20107,22125,22336,30710,21256,22880,23907,23971,22878,24191,24729,26461,26330,28151,29278,35103,33175,30974,38348,36834,38149,38638,38820,35821,36167,37830,40067,41105,42213,43117,43279,48727,45786,47862,50014,49774,45476,53332,48204,52501,91300,93863,89805,102554,98141,96944,103143,99368,104578,107142,107821,111265,357758,349915,259225,254522,248321,249612,254493,119184,113937,119280,115309,119741,112494,114837,105238,98738,89181,91611,-18818,-12620,-28387,-27025,-28770,-26839,-25674,-23678,-17473,-17481,-17995,-13697,-2832,10495,-3401,7390,742,1522,-1664,-3671,6946,2749,2225,13304,26107,46593,41377,43881,49411,56261,54436,68732
"Holding companies; equity and investment fund shares excluding mutual fund shares and money market fund shares; asset","Currency","1000000","USD",Z1/Z1/LM733181105.Q,LM733181105.Q,2325,ND,ND,ND,2616,ND,ND,ND,2228,ND,ND,ND,2009,ND,ND,ND,1975,ND,ND,ND,2053,ND,ND,ND,2053,1968,1890,2028,2188,2170,2238,2254,2157,2044,2057,2382,2741,2790,2737,2828,2924,2797,2860,2999,3013,2940,2643,2824,2898,2835,4856,5052,4953,5330,5617,6223,6438,6079,6135,5795,7022,6796,6727,6798,8423,7832,6206,5731,8041,8548,9438,10281,9895,10914,11379,11599,11289,19546,18328,19950,19840,18350,18206,15681,19948,20383,18984,20901,19714,21251,24449,25699,29499,31451,35091,34750,35168,38530,33794,34893,34913,38317,33238,32606,36960,41500,40971,46786,54497,49359,45562,52846,48320,48511,33534,25180,26314,31556,36991,28964,29458,36089,37211,34621,37414,34632,34287,33666,34066,34095,36420,40393,37590,38184,40885,42857,38957,32668,40562,39351,40304,43255,49311,43350,46596,44633,39712,42485,47871,53503,57516,57059,64062,55815,49166,58731,62715,70026,82964,74674,93385,114405,116489,104246,121308,134785,132203,128447,101142,110428,125195,132943,129652,140790,159976,171753,149888,137695,134821,96777,103002,131248,147554,170927,185670,213063,231238,232364,278501,308073,296254,316787,314233,312750,326054,315263,308223,346938,392059,443795,474120,520794,521112,572866,700115,730728,839145,954728,1058487,1174432,1180257,932901,1125083,1137746,1211710,1029623,1041304,1039615,1013269,1217667,1245006,1225268,1347013,1190140,1298138,1363682,1288629,1077089,1128778,1072681,1277456,1322289,1476875,1512390,1473671,1490942,1615613,1498341,1538123,1506374,1586743,1632020,1648997,1744867,1826862,1745152,1705706,1633666,1348931,1219098,944828,1271164,1041853,839334,1053465,1378974,1229926,1407703,1212712,1220484,1387999,1415048,1307056,965472,1052172,1870707,1730791,1454214,1514531,1660735,1795184,1827871,1993404,2048788,2049887,2067269,2170093,2069043,2206255,1989008,2058336,1802306,1794692,1976436,2476429,2467064,2441627,2547040,2729453,2667423,2608425,2617067,2161059,2296868,2417321,2421338,2696784,1609955,1799529,1784311,2393341,2903344,3069769,3145409,3140197,2924300,2405340,2359075,2589193,2318940,2353493,2251231,2712518,2941252,2969709
"Holding companies; corporate equities; liability","Currency","1000000","USD",Z1/Z1/LM733164105.Q,LM733164105.Q,2325,ND,ND,ND,2616,ND,ND,ND,2228,ND,ND,ND,2009,ND,ND,ND,1975,ND,ND,ND,2053,ND,ND,ND,2053,1968,1890,2028,2188,2170,2238,2254,2157,2044,2057,2382,2741,2790,2737,2828,2924,2797,2860,2999,3013,2940,2643,2824,2898,2835,4856,5052,4953,5330,5617,6223,6438,6079,6135,5795,7022,6796,6727,6798,8423,7832,6206,5731,8041,8548,9438,10281,9895,10914,11379,11599,11289,19546,18328,19950,19840,18350,18206,15681,19948,20383,18984,20901,19714,21251,24449,25699,29499,31451,35091,34750,35168,38530,33794,34893,34913,38317,33238,32606,36960,41500,40971,46786,54497,49359,45562,52846,48320,48511,33534,25180,26314,31556,36991,28964,29458,36089,37211,34621,37414,34632,34287,33666,34066,34095,36420,40393,37590,38184,40885,42857,38957,32668,40562,39351,40304,43255,49311,43350,46596,44633,39712,42485,47871,53503,57516,57059,64062,55815,49166,58731,62715,70026,82964,74674,93385,114405,116445,104202,121272,134750,132168,128411,101106,110392,125158,132881,129590,140728,159915,171692,149849,137635,134760,96713,102940,131185,147490,170857,185610,213009,231184,232312,278453,308023,296204,316735,314182,312698,326002,315205,308161,346873,391987,443717,474039,520706,520993,572658,699891,730582,838981,954516,1058209,1173961,1179812,932468,1124718,1137724,1208845,1026005,1037809,1035998,1009812,1214099,1241622,1221816,1344013,1187688,1296648,1362030,1287599,1075894,1127957,1072037,1276763,1321011,1475593,1508579,1467349,1484404,1607624,1490133,1529609,1497948,1579438,1624689,1641163,1736999,1818580,1736880,1698007,1626005,1342227,1210691,935993,1263620,1035803,832818,1046254,1370624,1221579,1405847,1208304,1215683,1384920,1412469,1304508,963014,1048528,1865326,1726004,1450081,1509965,1655938,1790954,1823654,1988431,2041721,2043074,2060324,2163156,2062194,2199326,1981820,2045437,1789930,1783869,1917453,2422178,2410318,2386245,2487261,2670557,2603818,2545310,2552031,2096865,2231303,2353930,2357934,2617131,1529167,1718453,1701315,2312472,2813794,2979490,3052485,3053231,2839415,2321312,2267172,2493679,2220217,2260694,2163646,2630834,2860582,2873017
"Holding companies; foreign direct investment in U.S.: equity; liability (market value)","Currency","1000000","USD",Z1/Z1/LM733192103.Q,LM733192103.Q,0,ND,ND,ND,0,ND,ND,ND,0,ND,ND,ND,0,ND,ND,ND,0,ND,ND,ND,0,ND,ND,ND,0,0,0,0,0,0,0,0,0,0,0,0,0,0,0,0,0,0,0,0,0,0,0,0,0,0,0,0,0,0,0,0,0,0,0,0,0,0,0,0,0,0,0,0,0,0,0,0,0,0,0,0,0,0,0,0,0,0,0,0,0,0,0,0,0,0,0,0,0,0,0,0,0,0,0,0,0,0,0,0,0,0,0,0,0,0,0,0,0,0,0,0,0,0,0,0,0,0,0,0,0,0,0,0,0,0,0,0,0,0,0,0,0,0,0,0,0,0,0,0,0,0,0,0,0,0,0,0,0,0,0,0,0,0,0,0,0,0,44,44,36,35,35,36,36,36,37,62,62,62,61,61,39,60,61,64,62,63,64,70,60,54,54,52,48,50,50,52,51,52,52,58,62,65,72,78,81,88,119,208,224,146,164,212,278,471,445,433,365,22,2865,3618,3495,3617,3457,3568,3384,3452,3000,2452,1490,1652,1030,1195,821,644,693,1278,1282,3811,6322,6538,7989,8208,8514,8426,7305,7331,7834,7868,8282,8272,7699,7661,6704,8407,8835,7544,6050,6516,7211,8350,8347,1856,4408,4801,3079,2579,2548,2458,3644,5381,4787,4133,4566,4797,4230,4217,4973,7067,6813,6945,6937,6849,6929,7188,12899,12376,10823,58983,54251,56746,55382,59779,58896,63605,63115,65036,64194,65565,63391,63404,79653,80788,81076,82996,80869,89550,90279,92924,86966,84885,84028,91903,95514,98723,92799,87585,81684,80670,96692