"Table 2.3.3. Real Personal Consumption Expenditures by Major Type of Product, Quantity Indexes"
"Table 2.3.3. Real Personal Consumption Expenditures by Major Type of Product, Quantity Indexes"
"Last Revised on: November 27, 2024 - Next Release Date December 19, 2024"
Line,,1947,1947,1947,1947,1948,1948,1948,1948,1949,1949,1949,1949,1950,1950,1950,1950,1951,1951,1951,1951,1952,1952,1952,1952,1953,1953,1953,1953,1954,1954,1954,1954,1955,1955,1955,1955,1956,1956,1956,1956,1957,1957,1957,1957,1958,1958,1958,1958,1959,1959,1959,1959,1960,1960,1960,1960,1961,1961,1961,1961,1962,1962,1962,1962,1963,1963,1963,1963,1964,1964,1964,1964,1965,1965,1965,1965,1966,1966,1966,1966,1967,1967,1967,1967,1968,1968,1968,1968,1969,1969,1969,1969,1970,1970,1970,1970,1971,1971,1971,1971,1972,1972,1972,1972,1973,1973,1973,1973,1974,1974,1974,1974,1975,1975,1975,1975,1976,1976,1976,1976,1977,1977,1977,1977,1978,1978,1978,1978,1979,1979,1979,1979,1980,1980,1980,1980,1981,1981,1981,1981,1982,1982,1982,1982,1983,1983,1983,1983,1984,1984,1984,1984,1985,1985,1985,1985,1986,1986,1986,1986,1987,1987,1987,1987,1988,1988,1988,1988,1989,1989,1989,1989,1990,1990,1990,1990,1991,1991,1991,1991,1992,1992,1992,1992,1993,1993,1993,1993,1994,1994,1994,1994,1995,1995,1995,1995,1996,1996,1996,1996,1997,1997,1997,1997,1998,1998,1998,1998,1999,1999,1999,1999,2000,2000,2000,2000,2001,2001,2001,2001,2002,2002,2002,2002,2003,2003,2003,2003,2004,2004,2004,2004,2005,2005,2005,2005,2006,2006,2006,2006,2007,2007,2007,2007,2008,2008,2008,2008,2009,2009,2009,2009,2010,2010,2010,2010,2011,2011,2011,2011,2012,2012,2012,2012,2013,2013,2013,2013,2014,2014,2014,2014,2015,2015,2015,2015,2016,2016,2016,2016,2017,2017,2017,2017,2018,2018,2018,2018,2019,2019,2019,2019,2020,2020,2020,2020,2021,2021,2021,2021,2022,2022,2022,2022,2023,2023,2023,2023,2024,2024,2024
Line,,Q1,Q2,Q3,Q4,Q1,Q2,Q3,Q4,Q1,Q2,Q3,Q4,Q1,Q2,Q3,Q4,Q1,Q2,Q3,Q4,Q1,Q2,Q3,Q4,Q1,Q2,Q3,Q4,Q1,Q2,Q3,Q4,Q1,Q2,Q3,Q4,Q1,Q2,Q3,Q4,Q1,Q2,Q3,Q4,Q1,Q2,Q3,Q4,Q1,Q2,Q3,Q4,Q1,Q2,Q3,Q4,Q1,Q2,Q3,Q4,Q1,Q2,Q3,Q4,Q1,Q2,Q3,Q4,Q1,Q2,Q3,Q4,Q1,Q2,Q3,Q4,Q1,Q2,Q3,Q4,Q1,Q2,Q3,Q4,Q1,Q2,Q3,Q4,Q1,Q2,Q3,Q4,Q1,Q2,Q3,Q4,Q1,Q2,Q3,Q4,Q1,Q2,Q3,Q4,Q1,Q2,Q3,Q4,Q1,Q2,Q3,Q4,Q1,Q2,Q3,Q4,Q1,Q2,Q3,Q4,Q1,Q2,Q3,Q4,Q1,Q2,Q3,Q4,Q1,Q2,Q3,Q4,Q1,Q2,Q3,Q4,Q1,Q2,Q3,Q4,Q1,Q2,Q3,Q4,Q1,Q2,Q3,Q4,Q1,Q2,Q3,Q4,Q1,Q2,Q3,Q4,Q1,Q2,Q3,Q4,Q1,Q2,Q3,Q4,Q1,Q2,Q3,Q4,Q1,Q2,Q3,Q4,Q1,Q2,Q3,Q4,Q1,Q2,Q3,Q4,Q1,Q2,Q3,Q4,Q1,Q2,Q3,Q4,Q1,Q2,Q3,Q4,Q1,Q2,Q3,Q4,Q1,Q2,Q3,Q4,Q1,Q2,Q3,Q4,Q1,Q2,Q3,Q4,Q1,Q2,Q3,Q4,Q1,Q2,Q3,Q4,Q1,Q2,Q3,Q4,Q1,Q2,Q3,Q4,Q1,Q2,Q3,Q4,Q1,Q2,Q3,Q4,Q1,Q2,Q3,Q4,Q1,Q2,Q3,Q4,Q1,Q2,Q3,Q4,Q1,Q2,Q3,Q4,Q1,Q2,Q3,Q4,Q1,Q2,Q3,Q4,Q1,Q2,Q3,Q4,Q1,Q2,Q3,Q4,Q1,Q2,Q3,Q4,Q1,Q2,Q3,Q4,Q1,Q2,Q3,Q4,Q1,Q2,Q3,Q4,Q1,Q2,Q3,Q4,Q1,Q2,Q3,Q4,Q1,Q2,Q3,Q4,Q1,Q2,Q3,Q4,Q1,Q2,Q3,Q4,Q1,Q2,Q3,Q4,Q1,Q2,Q3,Q4,Q1,Q2,Q3
1,"        Personal consumption expenditures (PCE)",10.168,10.337,10.371,10.374,10.426,10.547,10.563,10.647,10.664,10.828,10.852,11.011,11.195,11.379,11.963,11.603,11.883,11.548,11.682,11.750,11.777,12.008,12.066,12.491,12.638,12.714,12.684,12.599,12.645,12.809,12.983,13.255,13.553,13.812,13.983,14.158,14.181,14.229,14.261,14.457,14.558,14.583,14.699,14.705,14.501,14.621,14.864,15.066,15.342,15.579,15.741,15.759,15.910,16.111,16.046,16.067,16.061,16.300,16.379,16.709,16.886,17.093,17.231,17.475,17.597,17.763,18.004,18.154,18.511,18.838,19.186,19.241,19.670,19.887,20.229,20.797,21.104,21.158,21.400,21.489,21.613,21.908,22.021,22.155,22.686,23.032,23.463,23.569,23.831,23.984,24.101,24.294,24.445,24.555,24.771,24.703,25.178,25.409,25.612,26.037,26.380,26.882,27.297,27.937,28.447,28.435,28.535,28.449,28.195,28.296,28.418,28.003,28.238,28.702,29.110,29.423,30.011,30.287,30.606,31.003,31.369,31.539,31.837,32.316,32.497,33.192,33.331,33.600,33.774,33.752,34.081,34.166,34.117,33.349,33.714,34.170,34.284,34.287,34.445,34.210,34.462,34.567,34.799,35.408,35.758,36.486,37.141,37.732,38.046,38.579,38.865,39.368,40.037,40.405,41.172,41.261,41.622,42.075,42.819,43.082,43.122,43.710,44.209,44.302,45.085,45.418,45.822,46.343,46.558,46.775,47.228,47.433,47.832,47.978,48.168,47.802,47.622,48.017,48.256,48.232,49.135,49.468,49.999,50.595,50.789,51.251,51.821,52.276,52.874,53.285,53.691,54.272,54.407,54.884,55.381,55.768,56.282,56.887,57.232,57.688,58.296,58.558,59.556,60.268,60.877,61.949,62.757,63.664,64.318,65.303,66.037,67.003,68.016,68.651,69.309,69.914,70.168,70.309,70.554,71.692,71.852,72.215,72.720,73.125,73.485,74.326,75.377,75.896,76.604,77.022,77.927,78.808,79.309,80.188,80.853,81.002,81.885,82.310,82.838,83.629,84.144,84.365,84.928,85.263,85.146,85.380,84.722,83.960,83.747,83.335,83.895,83.803,84.289,85.045,85.651,86.176,86.505,86.594,86.858,87.008,87.635,87.789,87.967,88.318,88.892,89.146,89.509,90.297,90.622,91.492,92.397,93.461,94.178,94.827,95.494,95.883,96.607,97.086,97.761,98.265,99.021,99.512,100.186,101.281,102.015,102.561,103.033,103.355,103.519,104.402,105.587,106.280,104.479,95.344,103.930,105.398,107.810,111.425,112.292,113.516,113.790,114.516,114.950,115.299,116.700,116.989,117.727,118.741,119.309,120.139,121.186
2,Goods,10.000,10.180,10.248,10.286,10.301,10.395,10.385,10.454,10.439,10.668,10.722,10.962,11.175,11.295,12.140,11.500,11.753,11.156,11.279,11.370,11.316,11.569,11.557,12.142,12.302,12.325,12.222,12.148,12.140,12.259,12.389,12.735,13.126,13.495,13.683,13.780,13.719,13.699,13.642,13.838,13.967,13.916,14.033,13.923,13.590,13.631,13.889,14.157,14.486,14.715,14.832,14.711,14.859,15.067,14.970,14.880,14.739,14.962,15.059,15.394,15.574,15.728,15.848,16.096,16.246,16.381,16.545,16.601,16.986,17.343,17.748,17.618,18.192,18.323,18.698,19.419,19.784,19.685,19.969,19.927,19.979,20.327,20.266,20.347,20.994,21.308,21.830,21.795,22.087,22.103,22.142,22.222,22.258,22.321,22.458,22.215,22.929,23.117,23.266,23.675,23.896,24.528,24.955,25.687,26.301,26.047,26.055,25.797,25.376,25.296,25.378,24.348,24.524,25.048,25.666,25.841,26.598,26.918,27.156,27.486,27.793,27.998,28.224,28.826,28.664,29.487,29.511,29.844,29.821,29.569,30.061,29.934,29.782,28.555,28.848,29.176,29.596,29.359,29.656,29.126,29.417,29.410,29.567,30.163,30.321,31.215,31.908,32.659,33.101,33.839,33.860,34.389,34.920,35.239,36.179,35.963,36.508,37.158,38.309,38.285,37.502,38.220,38.795,38.448,39.355,39.560,39.552,40.180,40.235,40.462,41.044,40.909,41.457,41.013,40.917,40.271,39.926,40.149,40.391,39.944,40.848,41.057,41.506,42.055,42.218,42.895,43.337,43.889,44.633,45.030,45.448,46.317,46.087,46.398,46.960,47.403,47.783,48.714,49.062,49.656,50.323,50.282,51.593,52.297,52.690,54.060,54.871,56.541,57.239,58.590,59.281,60.299,61.203,61.522,62.165,62.703,62.850,63.020,63.469,65.755,65.644,65.827,66.640,66.905,67.274,68.740,70.673,71.308,72.112,72.361,73.375,74.357,74.926,76.034,76.758,76.596,78.181,78.295,78.984,80.091,80.653,80.842,81.351,81.511,80.172,80.052,78.374,75.985,76.004,75.515,76.832,76.420,76.995,78.045,78.632,79.725,80.122,79.827,79.856,80.433,81.452,81.438,81.796,82.378,83.883,84.065,84.750,85.588,86.231,87.851,88.844,90.116,91.282,92.258,93.304,93.741,94.742,95.566,96.587,97.202,98.077,99.118,100.347,102.458,103.398,103.644,104.117,104.652,104.944,106.756,108.281,108.637,108.002,105.469,117.066,117.965,122.916,127.128,123.958,125.367,124.838,124.360,123.653,123.451,125.669,125.561,126.635,127.688,127.315,128.248,130.002
3,"    Durable goods",2.821,2.880,2.921,3.110,3.095,3.116,3.168,3.123,3.066,3.332,3.491,3.630,3.769,3.801,4.702,4.120,4.250,3.640,3.574,3.563,3.583,3.653,3.436,4.029,4.164,4.140,4.114,3.999,3.875,4.062,4.080,4.331,4.720,4.976,5.137,5.001,4.773,4.779,4.695,4.846,4.935,4.818,4.785,4.729,4.415,4.347,4.437,4.600,4.850,5.032,5.130,4.884,5.041,5.156,5.115,4.987,4.713,4.810,4.928,5.167,5.279,5.420,5.460,5.700,5.814,5.939,6.012,6.107,6.345,6.510,6.725,6.519,7.125,7.137,7.381,7.692,8.058,7.736,7.990,7.987,7.836,8.172,8.107,8.128,8.633,8.817,9.213,9.159,9.332,9.306,9.280,9.244,9.102,9.208,9.241,8.627,9.553,9.770,10.031,10.459,10.698,10.967,11.249,11.845,12.599,12.450,12.340,12.051,11.769,11.832,11.901,10.768,10.998,11.212,11.912,12.258,12.871,12.929,13.076,13.283,13.785,14.111,14.319,14.620,14.232,15.293,15.087,15.206,15.026,14.686,15.096,14.707,14.476,12.914,13.487,13.898,14.293,13.736,14.154,13.138,13.558,13.608,13.718,14.344,14.489,15.546,16.143,16.939,17.578,17.986,17.992,18.576,19.221,19.450,20.695,19.982,20.390,21.110,22.911,22.548,21.211,22.080,22.993,22.372,23.430,23.439,23.133,23.732,23.627,23.942,24.484,23.740,24.742,23.924,23.682,23.030,22.395,22.508,22.854,22.481,23.363,23.526,24.028,24.505,24.743,25.546,25.831,26.452,27.082,27.374,27.662,28.634,28.041,28.326,29.125,29.630,29.952,30.905,31.126,31.732,32.591,32.487,33.935,34.801,35.082,36.855,37.902,40.140,40.227,42.151,43.161,43.678,46.115,45.263,46.032,46.351,47.113,47.072,47.612,51.580,51.017,51.337,52.877,52.394,52.443,54.824,57.250,58.077,59.092,59.246,60.775,61.924,62.219,63.875,65.125,63.175,65.684,65.711,66.652,67.592,68.501,69.220,70.067,70.591,68.309,67.823,65.535,60.711,60.818,60.376,63.309,61.816,62.572,64.544,65.558,67.393,67.983,67.503,68.102,69.734,71.439,71.574,72.502,74.146,76.008,76.379,77.076,77.866,79.170,82.126,83.550,85.164,86.792,88.542,89.700,90.279,91.481,92.257,94.621,96.106,96.878,98.112,100.638,104.372,105.722,106.332,107.100,107.277,106.321,109.417,111.992,112.902,107.702,107.265,127.692,129.120,138.148,142.976,133.127,135.898,135.928,135.190,134.549,133.865,139.261,139.149,140.579,141.573,140.946,142.830,145.455
4,"        Motor vehicles and parts",5.646,5.747,5.436,6.190,6.600,6.227,6.404,6.780,7.050,8.564,8.848,8.881,9.529,9.977,12.250,11.356,10.919,9.170,8.426,7.864,7.960,8.296,6.786,9.714,10.598,10.362,10.256,9.511,8.906,9.882,9.546,10.506,12.381,13.607,14.090,13.101,11.625,11.198,10.827,11.611,12.398,11.888,11.531,11.560,9.750,9.611,9.618,10.248,11.298,11.995,12.471,10.982,12.128,12.588,12.822,12.109,10.544,10.834,11.161,12.140,12.710,13.205,13.019,14.119,14.542,14.932,14.953,15.251,15.623,15.793,16.539,15.038,18.163,17.802,18.399,18.608,19.762,17.813,18.346,18.248,17.337,18.883,18.334,17.818,20.121,20.457,21.698,21.427,21.977,21.554,21.805,21.426,20.002,20.623,20.420,16.629,21.799,22.507,23.478,24.962,25.125,25.828,26.301,28.382,30.616,29.692,28.669,26.815,24.923,24.780,25.504,21.443,22.337,22.369,25.213,26.215,28.738,28.772,28.957,29.184,31.787,31.849,32.003,32.258,30.947,35.081,33.880,33.752,33.113,30.316,31.755,30.502,30.526,24.466,27.099,27.468,30.158,27.225,29.300,25.351,28.235,27.886,28.216,30.674,29.931,34.134,35.358,37.688,39.355,39.981,39.369,40.886,43.387,43.976,49.052,43.803,44.459,46.856,53.313,48.751,42.727,46.156,49.898,46.791,50.547,49.452,47.500,48.826,48.790,48.923,51.150,47.069,51.211,48.613,47.829,45.156,41.897,41.631,43.645,42.650,45.007,45.532,46.159,47.077,46.468,48.624,48.456,50.457,51.991,51.116,50.770,52.252,49.929,49.889,51.122,51.989,52.526,53.345,53.228,53.668,56.062,54.155,57.694,59.241,57.518,61.955,62.798,68.629,65.419,70.075,70.285,68.208,74.000,68.682,69.912,70.113,72.061,70.857,71.702,82.535,76.917,76.645,81.595,77.635,77.085,80.297,82.788,81.846,82.388,80.726,83.094,84.707,81.516,83.750,85.986,75.170,77.741,77.961,79.321,79.284,80.136,80.238,79.844,80.325,76.056,73.193,69.387,61.231,62.720,63.196,70.363,63.795,63.157,66.907,68.435,71.581,71.035,67.670,67.815,71.164,73.506,73.395,74.041,76.598,78.329,78.700,78.304,78.399,80.108,83.753,84.799,86.480,89.061,91.695,91.906,90.968,91.603,91.809,95.290,97.643,97.030,97.120,100.748,105.102,102.890,103.441,104.580,104.575,99.701,101.901,103.095,103.598,92.243,91.443,110.210,109.130,120.718,125.394,106.866,108.389,109.281,108.162,106.617,106.152,113.589,111.602,109.945,108.370,106.248,107.944,110.476
5,"        Furnishings and durable household equipment",5.698,5.869,6.148,6.450,6.183,6.515,6.639,6.233,5.756,5.903,6.411,6.936,6.811,6.581,8.546,6.884,7.717,6.406,6.534,6.749,6.698,6.694,6.770,7.133,6.970,7.053,7.041,7.059,6.915,6.901,7.002,7.305,7.707,7.805,8.095,8.086,8.190,8.446,8.290,8.312,8.232,8.218,8.173,7.982,7.983,7.850,8.121,8.245,8.403,8.586,8.629,8.674,8.529,8.605,8.346,8.306,8.295,8.406,8.558,8.737,8.765,8.872,9.097,9.165,9.331,9.426,9.673,9.826,10.289,10.633,10.754,10.917,10.922,11.068,11.399,11.991,12.188,12.161,12.540,12.438,12.481,12.607,12.620,12.741,12.954,13.255,13.689,13.584,13.684,13.823,13.563,13.536,13.526,13.579,13.607,13.821,13.892,14.053,14.303,14.726,15.239,15.444,15.911,16.296,17.178,17.350,17.428,17.620,17.847,17.809,17.396,16.247,16.071,16.236,16.549,16.830,17.125,17.202,17.464,17.925,18.471,18.850,19.114,19.614,19.274,20.182,20.165,20.430,20.352,20.675,21.274,21.031,20.537,19.632,19.661,20.299,20.143,19.881,19.601,18.968,18.568,18.627,18.761,19.150,19.589,19.939,20.704,21.300,21.779,22.416,22.572,22.940,23.043,23.258,23.862,24.352,24.916,25.249,25.938,26.159,26.352,26.509,26.835,26.894,27.170,27.474,27.588,28.250,28.747,29.179,29.054,29.136,29.529,28.713,28.310,27.977,27.981,28.259,27.875,27.734,28.412,28.583,29.138,29.528,29.941,30.302,30.663,30.699,30.951,31.673,32.297,33.170,32.933,33.226,33.713,34.109,33.833,35.050,35.068,35.835,35.955,36.094,36.898,37.387,38.375,38.978,39.877,41.171,42.370,43.374,44.806,46.216,47.378,48.289,48.930,49.217,49.953,50.402,50.887,52.427,54.092,54.556,54.480,55.412,55.221,57.653,60.018,61.230,62.422,63.436,64.866,65.627,66.520,67.596,68.846,70.432,72.343,71.475,71.816,71.656,72.603,72.164,72.435,72.302,70.414,70.204,67.349,63.853,62.009,60.821,61.347,61.792,63.417,64.941,65.184,66.264,66.908,67.324,67.541,68.555,69.666,68.980,69.224,70.164,71.734,72.683,74.423,75.111,75.808,79.397,80.863,82.404,83.820,85.622,87.910,89.540,91.190,92.282,94.189,95.059,96.485,97.951,100.723,104.841,106.574,106.047,106.588,105.938,105.255,107.949,110.315,112.045,110.839,108.570,126.421,126.216,135.098,136.041,131.163,131.265,129.323,129.181,128.414,128.567,130.417,129.938,131.688,133.002,133.040,135.635,138.648
6,"        Recreational goods and vehicles",0.238,0.243,0.253,0.259,0.246,0.251,0.249,0.236,0.241,0.239,0.248,0.260,0.295,0.294,0.361,0.315,0.325,0.293,0.303,0.316,0.326,0.331,0.336,0.354,0.371,0.371,0.370,0.371,0.378,0.389,0.406,0.422,0.432,0.445,0.457,0.465,0.465,0.476,0.476,0.480,0.470,0.460,0.467,0.455,0.457,0.447,0.463,0.477,0.506,0.515,0.516,0.518,0.511,0.518,0.503,0.507,0.510,0.524,0.539,0.548,0.545,0.556,0.574,0.587,0.595,0.616,0.624,0.635,0.678,0.717,0.741,0.763,0.779,0.819,0.852,0.929,0.976,1.011,1.069,1.104,1.106,1.117,1.146,1.203,1.226,1.239,1.296,1.303,1.334,1.351,1.346,1.371,1.439,1.427,1.450,1.462,1.449,1.482,1.496,1.550,1.633,1.693,1.760,1.847,1.939,1.900,1.926,1.896,1.893,1.947,1.978,1.877,1.929,2.050,2.101,2.162,2.207,2.213,2.245,2.302,2.308,2.390,2.437,2.491,2.504,2.562,2.559,2.645,2.670,2.740,2.723,2.674,2.598,2.510,2.581,2.696,2.629,2.659,2.729,2.647,2.615,2.666,2.690,2.747,2.879,3.018,3.168,3.340,3.511,3.590,3.655,3.798,3.931,3.988,4.042,4.215,4.335,4.478,4.807,5.102,5.071,5.222,5.354,5.322,5.527,5.700,5.776,5.957,5.776,5.977,6.089,6.108,6.168,6.134,6.121,6.107,6.186,6.319,6.469,6.379,6.559,6.561,6.802,7.031,7.379,7.679,7.886,8.156,8.422,8.862,9.131,9.684,9.726,10.022,10.626,10.903,11.174,11.792,12.134,12.565,12.963,13.505,14.064,14.546,15.243,15.971,16.972,17.733,18.529,19.412,20.360,21.290,22.611,22.901,23.463,23.951,24.307,24.965,25.491,26.718,27.642,28.037,28.395,28.984,29.475,30.980,33.052,34.420,35.402,36.373,37.505,38.430,40.216,41.733,42.446,43.604,46.214,46.675,47.733,49.842,50.831,52.209,54.186,55.287,54.338,55.730,54.698,51.476,51.811,50.794,52.366,53.428,54.415,55.717,56.663,57.906,59.555,60.839,62.001,63.314,64.777,65.626,67.053,68.546,71.226,71.772,73.159,74.010,75.367,77.263,79.178,80.573,81.285,81.885,83.584,85.272,87.807,89.983,92.062,93.649,96.219,99.358,100.150,104.274,110.289,111.286,112.104,112.517,115.801,121.880,126.521,127.927,128.559,141.048,158.617,163.356,169.207,176.293,171.977,178.585,179.822,177.775,178.929,178.254,184.832,189.013,196.105,200.617,199.810,202.299,205.454
7,"        Other durable goods",4.492,4.470,4.617,4.634,4.622,4.634,4.654,4.668,4.551,4.529,4.484,4.573,4.591,4.668,4.954,4.774,4.882,4.805,4.884,5.037,5.072,5.193,5.302,5.487,5.494,5.438,5.373,5.335,5.258,5.498,5.800,5.918,5.758,5.978,6.004,6.221,6.109,6.194,6.324,6.448,6.277,6.117,6.471,6.420,6.303,6.265,6.432,6.558,6.460,6.583,6.611,6.723,6.612,6.726,6.619,6.610,6.593,6.670,6.804,7.036,7.154,7.398,7.439,7.618,7.537,7.647,7.772,7.714,8.007,8.193,8.552,8.564,8.876,8.795,9.166,9.905,10.703,10.510,10.599,10.451,10.435,10.729,10.631,10.839,11.104,11.749,11.924,12.023,12.233,12.216,12.061,12.116,12.454,12.449,12.946,13.138,12.994,13.239,13.494,13.595,13.586,13.903,14.131,14.608,15.390,15.781,16.097,16.601,16.693,17.055,16.917,16.354,16.925,17.281,18.127,18.572,19.106,19.462,19.739,19.771,18.473,20.342,21.268,22.440,21.267,21.749,22.070,21.954,20.995,21.561,21.990,21.361,20.721,18.946,18.947,19.962,19.908,20.075,20.191,19.577,19.483,20.099,20.042,20.267,20.968,21.424,22.035,22.641,23.184,24.084,24.418,25.281,25.353,25.521,26.337,27.021,27.576,28.065,28.817,31.673,30.086,30.204,29.840,30.176,30.820,31.015,31.044,31.466,30.986,31.325,31.480,32.135,32.372,31.421,31.524,31.258,30.964,31.000,29.884,29.226,30.337,30.503,31.195,31.491,31.694,32.134,33.054,32.871,33.350,33.549,34.011,34.788,34.305,34.632,34.762,35.166,35.860,36.997,37.245,37.990,38.159,38.152,39.081,40.114,40.985,42.408,43.229,44.160,46.010,46.628,48.028,50.495,50.753,52.376,52.675,52.342,51.630,50.390,50.048,51.607,52.951,53.926,54.384,55.483,55.617,58.311,61.068,63.000,64.569,64.260,64.888,66.068,68.137,69.477,69.839,72.429,75.021,74.831,75.318,76.735,77.272,79.481,80.790,80.823,78.873,78.038,76.947,73.278,73.156,73.613,74.638,74.888,76.783,76.867,78.088,79.395,79.985,80.796,81.819,81.001,82.694,83.267,84.963,85.827,86.716,85.723,85.978,88.606,89.794,92.079,93.401,95.399,96.689,98.309,99.003,99.685,98.950,97.939,98.570,98.474,98.421,98.671,101.143,101.766,103.311,105.229,105.220,106.831,108.481,109.096,112.104,111.854,107.007,86.756,121.393,127.025,133.374,141.098,141.561,146.481,145.372,147.671,147.490,144.372,146.301,145.899,147.590,150.906,154.840,154.652,155.549
8,"    Nondurable goods",17.937,18.244,18.328,18.088,18.148,18.325,18.214,18.452,18.524,18.575,18.413,18.714,18.954,19.174,19.505,19.072,19.422,19.138,19.540,19.769,19.606,20.062,20.415,20.714,20.843,20.938,20.746,20.777,20.978,20.922,21.186,21.543,21.766,22.168,22.317,22.770,23.027,22.970,22.985,23.169,23.309,23.397,23.722,23.567,23.355,23.566,23.997,24.327,24.643,24.848,24.943,25.097,25.160,25.435,25.286,25.304,25.454,25.794,25.814,26.165,26.382,26.488,26.694,26.843,26.990,27.082,27.330,27.295,27.763,28.292,28.845,28.901,29.177,29.456,29.897,31.006,31.231,31.527,31.754,31.666,32.021,32.260,32.230,32.376,33.013,33.419,33.951,33.958,34.335,34.411,34.540,34.771,35.069,35.047,35.299,35.711,35.857,35.939,35.866,36.110,36.229,37.208,37.721,38.433,38.665,38.338,38.518,38.366,37.851,37.600,37.681,37.009,37.080,37.901,38.272,38.179,38.952,39.551,39.854,40.273,40.247,40.244,40.443,41.312,41.488,41.808,42.132,42.675,42.864,42.781,43.282,43.511,43.489,42.901,42.795,42.963,43.342,43.535,43.631,43.798,43.879,43.804,43.991,44.442,44.586,45.111,45.797,46.355,46.473,47.489,47.525,47.891,48.183,48.559,48.958,49.395,50.021,50.466,50.571,50.983,51.049,51.439,51.481,51.544,52.100,52.514,52.876,53.428,53.669,53.751,54.290,54.905,54.834,54.894,54.983,54.431,54.457,54.777,54.869,54.397,55.207,55.439,55.770,56.329,56.385,56.833,57.396,57.795,58.569,59.032,59.541,60.173,60.389,60.686,60.901,61.215,61.612,62.403,62.847,63.356,63.737,63.765,64.785,65.238,65.706,66.505,66.987,67.903,69.163,69.819,70.140,71.570,70.942,72.350,72.828,73.527,73.090,73.434,73.772,74.395,74.708,74.759,74.884,75.781,76.394,77.006,78.428,78.878,79.483,79.802,80.374,81.193,81.957,82.604,82.912,84.074,84.935,85.108,85.595,86.785,87.080,86.896,87.169,87.098,86.423,86.556,85.294,84.480,84.448,83.942,84.209,84.478,84.928,85.394,85.713,86.351,86.638,86.455,86.160,86.140,86.769,86.670,86.713,86.715,88.027,88.106,88.783,89.643,89.930,90.847,91.615,92.707,93.630,94.195,95.182,95.543,96.436,97.285,97.595,97.756,98.683,99.625,100.197,101.496,102.237,102.306,102.634,103.341,104.242,105.423,106.441,106.536,108.105,104.563,111.872,112.504,115.464,119.364,119.472,120.204,119.397,119.042,118.303,118.327,119.058,118.951,119.858,120.934,120.678,121.180,122.537
9,"        Food and beverages purchased for off-premises consumption",29.235,29.820,29.701,28.962,29.019,29.517,28.851,29.386,29.419,29.418,29.286,29.269,29.925,30.050,30.111,29.808,29.971,29.899,30.430,30.228,30.068,30.892,31.313,31.553,32.219,32.257,32.029,32.036,32.592,32.488,33.194,33.734,33.937,34.457,34.733,35.255,35.792,35.628,35.637,35.924,36.188,36.533,36.877,36.788,36.506,36.456,36.793,37.239,37.919,38.149,38.378,38.631,38.498,38.738,38.506,38.429,38.750,39.176,39.101,39.292,39.260,39.211,39.537,39.348,39.348,39.568,39.817,39.911,40.151,40.849,41.448,41.601,42.058,42.373,42.957,44.871,44.663,44.761,44.888,44.671,45.557,45.806,45.557,46.156,46.707,47.547,48.388,48.552,49.159,48.949,48.907,49.450,50.111,50.164,50.552,51.131,51.379,51.212,50.744,51.025,50.554,52.285,52.542,53.056,52.213,51.092,51.109,50.393,50.166,49.741,50.847,49.923,49.987,51.394,51.774,51.141,52.453,53.635,53.895,54.330,54.474,54.129,54.008,54.873,54.574,53.685,53.857,54.418,54.348,54.451,55.042,55.707,56.294,55.885,55.096,54.533,54.712,55.322,55.191,55.831,55.734,55.990,56.335,57.286,57.077,57.439,58.170,58.352,57.961,59.026,59.246,59.454,59.679,60.327,60.987,61.650,62.235,61.976,61.460,61.926,61.558,61.473,61.492,61.491,62.423,63.196,63.314,63.579,63.836,63.451,63.898,64.479,64.562,65.565,65.607,65.226,65.075,65.354,65.493,64.711,64.940,64.734,64.748,65.196,65.122,65.187,65.549,65.881,66.494,67.263,67.374,67.902,67.775,67.444,67.452,67.746,68.053,68.373,68.245,68.462,68.945,68.584,68.991,68.992,68.979,69.601,70.123,70.647,71.503,72.241,72.893,74.053,73.356,74.480,74.619,75.382,75.151,75.687,75.465,75.634,75.378,75.536,75.849,76.509,77.112,77.003,78.179,78.038,78.807,78.873,79.494,80.342,81.578,81.885,82.595,83.573,83.933,84.744,84.931,86.120,86.276,85.836,85.908,86.261,85.791,85.572,84.162,82.968,83.270,83.800,84.306,84.814,85.384,84.995,85.113,85.740,85.762,85.589,85.259,85.145,85.702,86.195,86.299,86.496,87.043,87.132,88.065,88.904,89.543,89.716,90.252,90.837,91.547,91.962,92.457,92.735,93.820,95.572,96.368,97.570,98.599,99.385,100.343,101.673,102.720,102.578,102.639,103.370,103.702,105.309,106.857,106.494,112.976,112.558,113.613,113.312,117.009,118.736,118.472,118.612,117.706,116.180,114.764,114.414,113.851,113.619,114.100,114.520,114.488,115.102,115.916
10,"        Clothing and footwear",9.845,9.726,9.884,9.874,9.781,9.842,9.935,10.158,10.173,10.045,9.679,10.058,10.041,10.215,10.589,10.118,10.331,9.953,10.163,10.306,10.227,10.591,10.912,11.150,10.762,11.024,10.814,10.662,10.787,10.787,10.745,10.984,11.111,11.416,11.322,11.563,11.568,11.611,11.719,11.704,11.558,11.509,11.754,11.454,11.342,11.559,11.819,12.023,12.068,12.378,12.294,12.411,12.448,12.534,12.331,12.284,12.395,12.524,12.626,12.968,13.035,13.181,13.239,13.347,13.294,13.376,13.613,13.488,14.045,14.415,14.627,14.773,14.787,14.762,15.071,15.644,15.976,16.036,16.219,16.074,16.084,16.207,16.279,16.183,16.638,16.753,17.041,16.919,17.088,17.153,17.248,17.159,16.958,16.905,16.859,17.136,17.251,17.675,17.771,18.016,18.164,18.624,19.206,19.752,20.295,20.230,20.266,20.404,20.476,20.230,19.887,19.051,19.703,20.374,20.719,20.857,21.116,21.162,21.451,21.687,21.725,22.147,22.501,23.620,23.868,24.756,25.130,25.719,25.717,25.878,26.761,26.913,26.749,26.622,27.308,27.854,28.595,28.740,29.089,29.018,29.324,28.822,29.340,29.876,30.114,31.113,31.494,32.677,33.189,34.323,33.815,34.451,34.743,35.232,35.698,36.160,37.095,38.315,38.508,38.545,39.181,39.347,39.950,39.639,40.183,39.946,40.855,41.782,41.915,42.469,43.415,43.585,43.223,42.563,42.468,41.947,42.405,43.020,42.892,42.002,43.725,44.424,45.326,45.889,45.724,46.589,47.061,47.630,48.749,48.651,49.384,50.698,50.526,51.062,51.978,52.028,52.384,53.677,54.579,54.924,54.948,54.458,56.268,56.980,58.197,59.176,58.745,60.110,62.282,62.819,63.237,63.400,64.433,65.829,66.548,67.110,66.034,66.465,66.386,67.532,68.294,68.314,67.911,70.033,69.788,71.650,73.221,73.389,75.232,74.345,75.106,76.610,77.647,79.279,79.064,81.411,81.893,81.320,82.167,83.027,83.556,83.502,84.160,83.835,83.206,85.029,82.991,80.173,79.269,77.857,78.584,79.010,80.825,82.011,82.455,84.557,85.332,85.876,84.662,85.015,86.067,84.516,85.795,85.109,86.323,86.808,86.735,87.235,87.508,89.731,90.478,92.224,92.871,93.846,94.626,94.978,96.775,96.725,97.902,97.328,98.847,99.579,100.082,101.492,102.258,101.314,102.069,102.086,103.027,104.620,104.670,105.630,96.222,80.453,105.932,108.595,116.300,126.122,123.939,123.613,120.934,122.775,122.052,122.043,123.461,121.574,123.128,124.296,125.204,124.204,124.732
11,"        Gasoline and other energy goods",29.213,30.205,30.517,30.440,31.135,31.204,31.522,31.163,30.883,31.346,31.362,31.731,31.897,33.105,33.747,32.932,34.238,33.985,34.857,35.603,35.462,35.867,36.407,36.846,36.977,36.854,37.265,37.180,37.387,37.495,38.265,39.273,39.910,40.886,41.312,42.439,42.860,42.945,42.420,43.356,43.955,43.429,44.277,44.170,44.420,45.748,46.563,46.980,47.063,47.155,46.984,46.982,47.381,48.492,47.653,47.660,47.079,48.287,47.211,47.343,48.683,48.792,48.730,49.880,51.094,50.561,50.397,50.820,51.712,52.987,54.604,54.384,54.132,55.509,56.804,57.421,57.465,58.913,59.703,60.003,59.894,60.473,60.334,61.439,62.721,62.811,63.477,63.356,64.751,65.581,65.800,67.198,68.297,67.662,68.702,68.726,70.042,71.150,70.840,70.898,72.430,73.037,74.381,77.425,79.138,78.585,78.927,77.707,69.189,71.489,72.906,75.185,73.759,74.434,73.835,73.454,75.705,77.144,78.198,80.258,78.756,78.651,79.552,79.933,80.606,81.236,80.298,79.859,81.987,78.144,76.957,75.616,73.652,71.213,70.104,70.087,70.560,70.363,70.248,70.191,70.991,71.132,69.953,69.745,71.305,71.007,72.498,73.214,72.690,73.838,74.334,74.946,75.009,75.382,75.633,75.509,77.077,78.799,79.993,81.001,79.824,81.978,79.981,81.143,81.930,83.102,83.064,84.020,84.152,83.692,83.533,86.050,83.517,83.106,83.853,80.897,80.793,82.217,83.206,82.468,83.800,85.684,85.915,86.412,86.226,87.163,88.688,88.302,89.448,88.919,89.227,88.390,90.567,91.301,90.280,90.476,91.700,92.287,92.315,92.056,92.662,93.952,94.365,94.814,95.338,96.505,97.137,97.341,97.874,99.923,98.553,98.850,95.095,96.718,96.928,96.151,96.396,94.978,96.538,96.610,96.325,97.241,97.265,96.765,95.811,96.073,97.446,98.631,98.097,98.147,97.367,97.639,98.500,97.745,96.675,96.578,96.321,96.593,97.675,97.937,97.774,96.565,96.878,96.607,94.881,93.409,90.775,93.464,94.216,93.671,93.350,93.504,92.197,93.340,93.892,93.434,92.246,90.699,90.884,90.438,89.845,90.513,89.951,88.995,91.013,92.111,92.381,93.392,92.709,92.330,92.857,94.917,97.806,97.865,99.059,98.880,100.260,100.030,100.268,99.211,99.079,100.623,100.324,99.974,99.688,100.031,99.676,99.448,100.803,99.833,98.835,97.804,92.220,75.364,88.781,86.641,89.463,96.277,98.903,99.647,98.281,96.852,96.125,96.265,97.982,98.334,97.367,98.047,95.876,97.636,98.499
12,"        Other nondurable goods",8.987,9.367,9.485,9.498,9.633,9.597,9.730,9.719,9.947,10.200,10.307,10.704,10.803,10.906,11.275,10.986,11.408,11.125,11.428,12.050,11.818,11.870,12.047,12.366,12.584,12.527,12.339,12.647,12.520,12.425,12.454,12.537,12.755,12.919,13.154,13.530,13.721,13.628,13.631,13.761,14.013,14.121,14.315,14.317,14.018,14.197,14.726,14.979,15.223,15.227,15.438,15.525,15.722,16.015,16.197,16.384,16.512,16.757,16.973,17.418,17.775,17.947,18.208,18.495,18.777,18.851,19.111,18.987,19.333,19.587,20.139,20.024,20.462,20.780,20.944,21.676,22.163,22.635,22.837,22.897,23.140,23.370,23.456,23.232,23.850,24.131,24.470,24.514,24.612,24.807,25.085,25.127,25.465,25.531,25.801,26.154,25.975,25.642,25.806,25.965,26.333,26.965,27.319,27.780,28.354,28.680,29.154,29.550,29.911,29.309,28.428,27.687,27.386,27.599,28.141,28.461,28.749,29.046,29.174,29.318,29.385,29.284,29.450,29.992,30.457,31.348,32.024,32.639,32.819,33.252,33.706,34.017,34.145,33.594,33.851,34.549,34.773,34.699,34.894,34.852,34.656,34.538,34.726,34.800,34.765,35.293,35.921,36.266,36.760,37.566,37.729,37.949,38.371,38.370,38.483,38.809,38.926,39.100,39.495,39.992,40.290,40.910,40.986,41.150,41.268,41.647,41.878,42.288,42.598,42.881,43.334,43.863,44.398,44.191,44.299,44.178,44.074,43.947,43.943,44.129,44.675,44.629,44.857,45.488,45.854,46.236,46.804,47.285,47.853,48.575,49.305,49.863,50.213,50.821,51.029,51.526,51.836,52.751,53.509,54.522,54.955,55.380,56.565,57.263,57.704,58.448,59.361,60.446,61.609,61.974,62.249,64.754,64.001,65.558,66.255,67.295,66.850,67.380,68.134,68.999,69.707,69.507,69.729,70.512,71.876,72.608,74.143,75.075,75.227,76.403,77.196,77.818,77.976,78.906,79.533,80.795,82.688,82.566,82.953,84.643,85.144,85.533,85.808,85.493,85.019,85.514,85.379,84.231,83.983,82.856,82.893,82.909,83.333,84.067,84.434,84.921,85.875,86.007,85.877,85.995,87.098,86.652,86.420,86.956,88.731,88.173,89.082,90.037,90.414,92.116,93.221,94.155,94.708,95.417,96.900,97.510,97.736,98.340,97.871,97.661,98.582,99.571,100.055,101.792,102.569,103.131,103.809,105.107,106.422,107.738,109.227,109.707,112.746,114.052,119.811,121.418,122.100,125.090,125.441,127.080,127.212,127.761,127.713,128.083,129.543,130.019,131.900,133.787,133.642,134.052,136.443
13,Services,9.491,9.628,9.608,9.558,9.660,9.812,9.864,9.963,10.026,10.077,10.056,10.085,10.211,10.470,10.632,10.700,10.993,11.068,11.206,11.234,11.376,11.551,11.703,11.868,11.985,12.127,12.200,12.108,12.221,12.431,12.646,12.799,12.948,13.043,13.176,13.439,13.568,13.698,13.843,14.024,14.079,14.200,14.303,14.458,14.438,14.649,14.852,14.953,15.139,15.366,15.573,15.762,15.904,16.080,16.060,16.215,16.375,16.614,16.665,16.961,17.120,17.377,17.525,17.744,17.824,18.014,18.328,18.578,18.873,19.139,19.393,19.661,19.887,20.187,20.463,20.810,21.026,21.255,21.429,21.663,21.861,22.074,22.375,22.562,22.919,23.275,23.572,23.831,24.038,24.336,24.532,24.837,25.105,25.261,25.547,25.677,25.855,26.117,26.363,26.776,27.227,27.555,27.928,28.427,28.791,29.036,29.228,29.335,29.281,29.575,29.731,30.036,30.316,30.679,30.824,31.268,31.632,31.841,32.227,32.669,33.070,33.191,33.546,33.864,34.393,34.910,35.161,35.346,35.715,35.935,36.069,36.371,36.433,36.203,36.621,37.180,36.967,37.219,37.225,37.304,37.500,37.710,38.001,38.589,39.103,39.635,40.220,40.635,40.816,41.137,41.653,42.111,42.874,43.269,43.851,44.202,44.384,44.652,45.026,45.519,46.255,46.711,47.128,47.590,48.239,48.667,49.397,49.812,50.151,50.353,50.683,51.161,51.426,52.050,52.467,52.341,52.302,52.822,53.051,53.367,54.241,54.663,55.242,55.857,56.070,56.353,57.006,57.375,57.847,58.259,58.647,58.996,59.403,59.993,60.432,60.768,61.370,61.722,62.058,62.405,62.959,63.435,64.193,64.897,65.646,66.495,67.288,67.663,68.279,69.004,69.758,70.677,71.752,72.592,73.250,73.891,74.208,74.327,74.436,74.829,75.163,75.639,75.947,76.433,76.781,77.232,77.743,78.190,78.837,79.355,80.190,81.007,81.464,82.204,82.830,83.161,83.631,84.233,84.666,85.273,85.760,85.998,86.589,87.021,87.593,88.025,87.947,88.090,87.744,87.369,87.512,87.595,88.032,88.628,89.244,89.459,89.748,90.047,90.439,90.352,90.762,91.009,91.088,91.313,91.382,91.675,91.865,92.625,92.782,93.260,94.116,95.074,95.565,96.050,96.530,96.895,97.485,97.799,98.310,98.761,99.459,99.693,100.110,100.737,101.376,102.062,102.535,102.761,102.869,103.335,104.364,105.197,102.875,90.880,98.154,99.860,101.170,104.520,107.148,108.289,108.924,110.195,111.145,111.738,112.774,113.232,113.823,114.817,115.784,116.570,117.322
14,"    Household consumption expenditures (for services)",---,---,---,---,---,---,---,---,---,---,---,---,---,---,---,---,---,---,---,---,---,---,---,---,---,---,---,---,---,---,---,---,---,---,---,---,---,---,---,---,---,---,---,---,---,---,---,---,16.147,16.395,16.622,16.812,16.936,17.113,17.085,17.260,17.447,17.691,17.739,18.048,18.215,18.505,18.676,18.925,19.010,19.201,19.522,19.775,20.067,20.354,20.634,20.929,21.179,21.487,21.760,22.119,22.350,22.615,22.821,23.092,23.295,23.506,23.804,23.983,24.371,24.769,25.097,25.382,25.613,25.936,26.140,26.459,26.739,26.898,27.188,27.342,27.527,27.797,28.045,28.463,28.969,29.321,29.741,30.234,30.658,30.915,31.163,31.275,31.215,31.541,31.726,32.055,32.378,32.769,32.912,33.376,33.747,33.975,34.398,34.879,35.325,35.458,35.839,36.143,36.726,37.284,37.564,37.743,38.110,38.355,38.557,38.853,38.901,38.641,39.042,39.623,39.382,39.666,39.619,39.635,39.791,39.974,40.245,40.835,41.336,41.898,42.475,42.852,43.017,43.308,43.814,44.242,45.088,45.486,46.098,46.477,46.597,46.792,47.167,47.680,48.454,48.926,49.337,49.810,50.426,50.823,51.542,51.936,52.282,52.413,52.680,53.113,53.351,53.893,54.207,54.020,53.944,54.470,54.647,54.917,55.721,56.065,56.594,57.171,57.405,57.698,58.338,58.703,59.152,59.537,59.894,60.241,60.659,61.263,61.717,62.031,62.598,62.946,63.287,63.715,64.428,64.950,65.755,66.471,67.193,68.018,68.768,69.078,69.708,70.453,71.231,72.170,73.219,74.094,74.684,75.274,75.592,75.652,75.712,76.060,76.353,76.763,76.953,77.384,77.733,78.135,78.650,79.128,79.771,80.331,81.192,82.105,82.682,83.383,84.006,84.177,84.556,85.082,85.484,86.139,86.630,86.926,87.495,87.768,88.243,88.526,88.317,88.284,88.007,87.712,87.824,87.751,88.188,88.766,89.467,89.757,89.982,90.162,90.365,90.390,90.706,90.762,90.813,90.889,91.121,91.420,91.611,92.406,92.616,93.058,93.945,95.002,95.604,96.093,96.487,96.757,97.391,97.781,98.151,98.614,99.370,99.642,100.186,100.801,101.382,101.986,102.446,102.448,103.034,103.433,104.448,105.330,102.199,89.230,97.604,99.505,101.147,104.955,107.653,108.680,109.112,110.257,111.204,111.959,113.257,113.788,114.406,115.472,116.306,116.920,117.772
15,"        Housing and utilities",---,---,---,---,---,---,---,---,---,---,---,---,---,---,---,---,---,---,---,---,---,---,---,---,---,---,---,---,---,---,---,---,---,---,---,---,---,---,---,---,---,---,---,---,---,---,---,---,19.103,19.291,19.638,19.915,20.189,20.389,20.597,20.938,21.107,21.425,21.608,22.007,22.286,22.611,22.900,23.335,23.547,23.598,24.011,24.234,24.570,24.804,25.119,25.521,25.779,26.175,26.516,26.842,27.072,27.368,27.693,27.989,28.182,28.604,28.910,29.387,29.765,29.901,30.364,30.825,31.295,31.604,32.105,32.492,32.686,32.883,33.264,33.557,33.925,34.307,34.658,35.203,35.612,36.123,36.509,37.231,37.372,37.837,38.392,38.677,38.956,39.695,40.198,40.626,40.621,41.154,41.404,41.405,41.696,41.962,42.449,43.137,43.228,43.010,43.709,44.006,44.861,45.362,45.730,46.278,46.888,47.038,47.141,47.637,48.188,48.576,49.024,49.429,48.931,49.680,49.629,49.873,50.122,49.787,49.780,49.949,49.989,50.541,51.371,51.929,51.871,52.569,52.836,53.392,54.333,54.089,54.898,55.657,55.400,55.810,56.270,56.736,56.833,57.362,57.853,58.327,58.968,59.205,59.834,60.217,60.560,60.626,61.001,61.991,61.311,62.166,62.604,62.708,62.744,63.645,63.862,63.930,64.055,64.659,64.984,65.643,65.944,66.075,66.959,67.408,68.069,68.717,68.979,69.337,69.743,70.685,71.462,71.585,72.331,72.472,72.305,72.919,73.119,73.735,74.181,75.199,75.352,76.297,76.895,76.819,77.633,78.387,79.188,79.163,79.533,80.594,81.315,82.642,83.087,83.016,83.362,83.295,82.895,83.398,83.670,84.128,84.268,84.530,84.703,85.388,85.931,86.260,87.010,88.319,89.191,90.428,91.122,90.900,90.506,91.452,92.086,91.772,92.579,93.004,93.713,94.109,95.528,96.020,95.816,96.556,96.207,95.908,96.083,96.974,97.695,98.184,98.859,99.251,98.807,98.769,99.174,98.766,97.886,98.776,99.142,98.852,99.842,99.699,99.294,99.982,100.454,99.542,98.966,99.561,100.041,99.266,99.349,99.051,99.382,99.912,100.263,99.901,99.235,100.064,99.978,100.722,100.965,101.380,101.506,102.084,102.121,102.089,102.879,103.290,103.263,104.638,105.165,105.729,106.714,107.126,107.886,108.304,109.853,110.626,110.523,111.210,110.709,110.851,111.415,111.357,111.561,112.085,112.353
16,"        Health care",---,---,---,---,---,---,---,---,---,---,---,---,---,---,---,---,---,---,---,---,---,---,---,---,---,---,---,---,---,---,---,---,---,---,---,---,---,---,---,---,---,---,---,---,---,---,---,---,11.821,11.911,11.954,11.922,12.085,12.172,11.856,12.103,12.231,12.575,12.678,12.875,13.188,13.546,13.919,14.241,14.425,14.551,14.651,14.897,15.485,16.086,16.632,16.950,17.232,17.178,16.864,16.850,17.142,17.747,18.234,18.714,18.775,18.804,18.781,18.829,19.331,20.072,20.548,21.071,21.430,21.700,21.832,22.068,22.462,22.584,23.017,23.638,23.875,24.325,24.842,25.257,25.647,26.084,26.448,26.851,27.594,28.089,28.356,28.544,28.800,29.078,29.178,29.397,30.154,30.622,30.480,31.193,31.493,31.808,32.103,32.407,32.751,33.485,33.835,33.938,34.544,35.085,35.149,35.372,35.573,36.076,36.446,36.774,36.832,36.555,37.438,38.211,38.586,39.272,39.368,38.997,38.752,39.017,39.208,39.623,39.905,40.346,40.441,40.587,40.838,40.841,41.016,41.196,41.530,41.848,42.481,43.034,43.250,43.294,43.593,44.031,44.549,45.088,45.708,46.064,46.603,46.962,47.417,47.557,47.673,47.515,47.526,47.983,48.583,49.171,49.623,49.738,49.697,49.989,50.340,50.867,51.296,51.713,52.000,51.949,52.028,51.947,52.002,52.029,52.123,52.293,52.470,52.748,53.086,53.332,53.653,53.906,53.930,54.461,54.663,55.348,55.646,55.946,56.527,57.063,57.776,58.050,58.316,58.354,58.480,58.712,59.188,59.749,60.097,60.891,61.305,61.952,62.845,63.557,64.495,65.525,66.808,67.781,68.334,68.728,69.123,69.442,69.927,70.421,70.781,71.625,72.717,73.591,73.752,74.216,75.094,75.201,75.555,76.046,76.438,77.073,77.349,77.758,78.499,78.864,79.676,79.899,80.168,80.387,80.965,81.860,82.363,81.968,81.866,82.592,83.789,83.918,84.213,84.271,83.994,84.777,85.949,85.675,85.685,86.094,85.708,86.472,86.749,87.683,87.034,88.633,90.238,91.848,92.933,93.640,95.010,95.052,96.737,98.100,97.635,98.806,99.597,99.190,100.361,100.852,101.705,102.187,103.418,102.755,104.783,105.704,106.552,107.750,103.636,86.417,100.349,104.087,103.761,106.978,108.835,110.235,110.365,110.730,112.305,114.373,117.116,117.947,118.879,121.184,123.250,124.215,126.148
17,"        Transportation services",---,---,---,---,---,---,---,---,---,---,---,---,---,---,---,---,---,---,---,---,---,---,---,---,---,---,---,---,---,---,---,---,---,---,---,---,---,---,---,---,---,---,---,---,---,---,---,---,16.202,16.445,16.786,16.993,17.089,17.125,17.168,17.203,17.174,17.276,17.360,17.612,17.759,17.986,18.037,18.236,18.434,18.644,18.898,19.178,19.420,19.678,19.973,20.197,20.335,20.655,21.001,21.310,21.524,21.993,21.975,22.619,22.889,22.972,23.324,23.610,24.052,24.446,24.919,25.303,25.723,26.116,26.511,26.978,26.976,27.085,27.480,27.471,27.707,28.215,28.615,29.088,29.608,29.868,30.191,30.484,30.584,30.587,30.569,30.513,30.865,30.838,30.701,30.532,30.544,30.848,31.398,31.801,32.330,32.590,32.692,33.205,34.242,34.795,35.487,35.534,35.451,36.060,36.094,35.833,36.758,37.150,37.022,36.839,35.848,34.419,34.531,34.212,34.106,33.299,33.426,33.004,32.502,32.426,32.681,33.316,34.181,34.523,35.514,36.572,37.758,38.840,39.745,40.954,42.262,43.345,43.823,44.350,44.897,44.989,45.656,45.798,46.308,47.073,47.562,47.836,48.689,49.518,50.342,51.132,51.005,51.031,51.129,51.006,51.125,51.259,51.051,50.522,48.863,48.587,48.277,48.543,49.519,50.335,52.177,52.068,52.300,53.208,54.167,55.414,56.749,58.053,59.397,60.809,61.544,62.153,63.422,64.812,66.482,67.490,68.591,69.954,71.950,72.757,73.850,74.116,74.946,76.029,76.957,78.002,79.099,80.010,81.733,82.681,83.850,84.843,85.431,85.683,85.725,85.218,83.350,81.692,82.115,81.407,81.306,81.419,81.903,81.249,82.780,83.360,84.167,84.753,85.098,85.575,85.378,85.804,86.132,85.520,85.514,85.776,85.948,86.951,87.490,87.297,87.110,86.844,86.174,85.102,83.660,80.741,78.805,77.531,77.576,77.852,78.082,77.417,78.006,79.260,79.409,81.537,82.724,82.676,81.691,83.604,83.511,83.661,84.957,86.809,87.841,87.950,90.178,90.689,91.904,91.896,92.391,93.422,93.621,94.677,95.931,96.065,97.250,98.301,97.824,98.650,101.065,102.461,104.976,104.444,103.576,103.498,105.228,107.816,110.544,111.373,101.923,68.717,79.119,82.052,84.756,97.615,109.818,112.329,111.602,111.427,111.239,110.958,111.228,111.862,111.852,113.210,113.376,117.291,118.168
18,"        Recreation services",---,---,---,---,---,---,---,---,---,---,---,---,---,---,---,---,---,---,---,---,---,---,---,---,---,---,---,---,---,---,---,---,---,---,---,---,---,---,---,---,---,---,---,---,---,---,---,---,8.181,8.379,8.435,8.536,8.734,8.832,8.866,8.952,9.040,9.145,9.243,9.470,9.477,9.828,9.620,9.763,9.900,9.943,10.402,10.016,10.410,10.316,10.405,10.769,10.824,10.804,10.819,11.019,11.074,11.382,11.646,11.986,12.069,11.781,12.269,11.528,12.198,12.603,12.768,13.073,13.277,13.509,13.361,13.505,13.816,13.841,13.935,13.967,14.043,14.233,14.357,14.826,14.806,14.978,15.204,15.523,16.052,16.379,16.473,16.759,16.958,17.287,17.712,18.148,18.266,18.171,18.467,18.818,19.016,19.371,20.015,20.402,20.312,20.690,21.176,21.608,21.714,21.765,22.156,22.218,22.664,22.909,23.174,23.384,23.588,23.410,23.742,24.504,24.874,25.715,26.350,26.388,26.872,27.089,27.417,27.749,28.469,29.368,30.060,30.550,30.944,31.272,31.791,32.309,32.964,33.615,34.110,34.761,34.946,35.091,35.442,36.237,36.468,36.724,37.134,37.826,38.939,40.148,41.188,41.951,42.605,42.995,43.339,43.406,44.239,45.002,45.165,45.411,44.583,44.365,44.512,45.071,46.657,47.174,47.750,48.757,49.450,50.168,51.293,51.430,51.936,52.802,53.778,54.169,55.471,56.919,57.784,58.691,58.847,59.468,60.383,60.512,61.107,61.539,61.774,62.385,63.114,63.137,63.894,64.442,64.993,66.022,67.445,68.199,68.138,68.720,68.822,68.663,69.211,68.497,68.115,68.070,68.516,68.622,68.797,69.538,69.387,70.379,71.688,73.014,74.374,74.442,74.905,75.145,75.940,76.476,76.513,77.289,78.242,78.634,79.110,81.133,81.633,81.991,82.967,83.277,83.058,83.555,82.794,82.042,81.972,81.262,81.785,82.147,82.914,84.109,84.934,84.633,83.505,84.069,84.381,83.307,84.468,85.759,86.139,87.243,87.521,87.244,88.344,88.776,89.917,89.484,91.052,92.398,93.345,94.312,94.368,96.810,97.256,96.668,98.121,99.274,100.599,100.534,99.652,99.215,101.294,101.514,101.921,101.463,101.928,102.989,103.796,104.178,96.025,64.761,78.304,79.267,84.585,92.437,98.870,103.094,103.428,105.654,106.103,107.502,109.105,109.061,109.870,110.068,110.744,111.291,112.284
19,"        Food services and accommodations",---,---,---,---,---,---,---,---,---,---,---,---,---,---,---,---,---,---,---,---,---,---,---,---,---,---,---,---,---,---,---,---,---,---,---,---,---,---,---,---,---,---,---,---,---,---,---,---,22.256,22.552,23.040,23.299,22.914,23.259,22.951,22.980,23.162,22.981,22.933,23.326,23.556,23.788,24.049,24.328,24.366,24.446,24.487,24.814,25.381,25.707,25.917,26.126,26.725,27.479,27.876,28.422,28.939,28.993,29.164,28.901,28.661,28.411,28.721,29.011,30.112,30.374,30.706,30.740,30.711,31.377,31.155,31.335,32.026,32.381,32.428,32.061,31.729,31.958,32.270,32.800,33.859,34.357,34.988,35.384,36.431,36.095,36.525,36.450,35.883,36.076,35.968,36.242,36.587,37.450,37.416,38.709,39.349,39.592,40.223,40.057,41.730,41.095,40.413,40.239,41.201,42.356,43.286,43.563,44.098,43.439,43.600,44.553,44.145,43.575,43.678,44.370,44.812,44.679,44.151,43.881,43.840,44.522,44.978,45.355,45.765,45.874,46.475,46.455,47.201,46.969,47.761,47.747,47.867,48.338,48.072,47.928,48.808,49.301,49.490,50.162,51.112,51.735,51.949,53.299,53.336,54.555,55.909,56.674,56.437,56.306,56.811,57.010,58.298,58.777,59.188,58.368,57.898,59.017,58.915,58.948,60.439,59.155,59.543,61.622,61.043,61.424,61.978,61.656,61.633,62.404,62.880,62.955,62.504,62.599,62.675,62.542,62.542,62.845,62.921,63.476,64.089,64.058,64.734,64.283,65.006,65.814,66.064,66.989,66.760,67.162,67.432,69.019,70.146,70.762,71.008,70.771,71.293,70.588,70.195,70.083,71.189,71.688,71.797,71.752,72.400,73.877,75.168,76.006,76.677,77.011,77.750,78.534,79.152,80.134,80.744,81.632,82.925,82.499,82.961,84.311,83.917,84.218,84.290,85.178,83.968,84.445,83.826,82.786,81.435,80.846,80.789,80.687,81.707,82.715,83.301,83.602,84.292,84.928,85.392,85.652,86.359,86.840,87.228,87.939,88.876,87.850,88.211,89.670,89.784,90.966,92.052,93.484,94.388,95.638,95.838,96.482,96.886,97.005,97.457,97.930,99.728,99.430,100.005,100.837,101.607,102.267,103.916,103.480,102.935,103.930,105.320,106.912,97.779,65.608,87.107,86.012,90.446,102.268,106.583,106.515,106.146,111.842,112.994,112.779,114.627,114.006,115.628,117.214,116.495,116.426,117.157
20,"        Financial services and insurance",---,---,---,---,---,---,---,---,---,---,---,---,---,---,---,---,---,---,---,---,---,---,---,---,---,---,---,---,---,---,---,---,---,---,---,---,---,---,---,---,---,---,---,---,---,---,---,---,10.863,11.231,11.455,11.676,11.665,11.808,11.832,11.756,12.292,12.587,12.245,12.398,12.198,12.451,12.327,12.365,12.254,12.523,12.945,13.425,13.309,13.545,13.926,13.954,14.174,14.395,14.650,15.200,15.322,15.240,15.083,14.838,15.425,15.705,16.254,16.194,16.011,16.937,17.049,17.132,16.671,16.901,17.010,17.328,17.279,17.451,17.713,17.979,18.293,18.271,18.237,18.229,18.883,19.018,19.497,19.746,20.133,20.294,20.395,20.592,20.018,20.366,21.113,21.765,22.652,22.752,22.796,23.246,23.613,23.879,24.210,24.653,25.079,25.291,25.715,26.255,26.345,26.993,26.905,26.913,26.883,27.934,28.028,27.677,28.003,27.325,27.973,28.776,27.879,27.747,27.630,28.286,29.140,29.566,30.276,32.031,33.538,34.250,35.106,34.927,34.211,34.355,34.985,35.077,37.070,37.784,38.588,38.627,38.928,39.178,39.364,40.056,41.853,41.739,41.627,41.507,42.021,42.137,42.786,42.972,44.331,44.865,45.023,45.123,45.264,45.314,45.610,46.017,47.935,49.234,49.751,50.260,52.043,52.184,52.737,53.583,55.246,56.151,57.042,58.054,58.524,57.930,57.518,57.868,58.687,59.696,60.250,60.532,61.596,61.739,61.615,62.228,63.433,64.194,66.015,66.909,68.093,70.342,71.924,72.918,74.693,76.515,78.311,81.099,85.398,85.574,86.005,86.284,84.606,83.515,82.242,82.850,82.600,82.612,82.981,83.226,82.808,83.005,83.107,82.971,84.359,84.852,86.044,88.156,88.900,90.028,91.313,91.458,92.279,91.913,91.805,92.820,93.465,93.862,95.230,95.209,95.873,96.752,97.027,97.309,97.162,96.676,95.321,94.000,94.649,95.486,95.704,96.748,97.515,97.623,98.971,98.433,98.841,97.003,96.264,95.575,96.649,96.695,96.196,97.027,96.473,97.028,98.274,98.786,99.778,100.496,99.898,99.978,98.054,96.828,97.448,97.714,99.248,99.724,100.311,100.718,100.469,100.360,99.870,99.355,98.777,97.573,97.371,98.052,97.982,96.880,98.134,100.230,101.309,101.309,101.714,102.405,101.269,100.694,101.564,102.077,103.540,105.884,106.203,106.168,107.728,107.520,108.501
21,"        Other services",---,---,---,---,---,---,---,---,---,---,---,---,---,---,---,---,---,---,---,---,---,---,---,---,---,---,---,---,---,---,---,---,---,---,---,---,---,---,---,---,---,---,---,---,---,---,---,---,20.822,21.285,21.320,21.538,21.756,22.006,21.848,22.036,22.184,22.581,22.657,23.069,23.245,23.466,23.662,23.698,23.537,24.211,24.652,25.106,25.132,25.467,25.455,25.808,25.957,26.452,27.303,27.965,28.149,28.346,28.420,29.095,29.482,30.099,30.378,30.760,30.873,30.982,31.108,31.080,31.500,31.766,32.003,32.428,32.865,32.929,33.148,32.868,32.932,33.017,32.966,33.431,33.985,34.171,34.643,35.306,35.522,35.702,35.535,35.255,34.750,34.591,33.974,34.138,34.206,34.456,34.735,35.180,35.600,35.511,35.920,36.830,37.149,37.372,37.802,38.598,39.373,39.731,40.028,39.777,39.852,39.795,40.221,40.450,40.013,39.707,39.506,40.195,39.264,39.076,38.855,38.796,38.999,39.556,39.915,40.767,41.331,42.297,42.555,43.452,43.743,43.853,44.837,45.718,46.485,47.514,48.346,48.245,47.944,47.707,48.276,48.755,50.643,51.322,51.860,52.376,53.314,53.108,53.834,54.241,54.591,55.140,55.613,55.808,56.270,56.687,56.732,55.239,54.438,54.192,54.102,54.103,55.148,56.031,56.960,57.276,56.813,57.090,57.902,58.476,59.172,59.412,60.200,60.393,60.753,61.042,60.768,61.215,62.273,62.458,64.133,63.135,64.880,65.814,67.135,68.619,70.028,70.748,72.364,72.465,73.261,74.152,74.289,75.915,77.385,78.974,80.334,80.753,81.169,82.382,82.534,83.492,82.843,82.764,82.064,83.013,84.306,84.614,84.849,84.670,85.010,85.916,86.733,86.487,87.330,87.040,86.830,87.400,88.175,89.593,89.999,91.009,91.820,91.691,91.396,91.198,90.973,90.712,90.193,90.081,89.509,87.781,88.052,87.358,87.646,87.758,87.962,87.677,88.945,88.560,87.782,87.935,88.578,87.574,87.379,87.114,85.455,86.579,87.452,88.066,88.975,89.487,90.909,92.233,91.410,92.754,93.108,93.510,95.011,95.447,96.382,96.749,99.003,99.700,100.229,101.068,100.981,103.515,103.633,104.873,105.431,105.645,107.861,109.039,108.093,93.420,100.423,103.889,106.958,111.056,115.134,115.798,117.173,118.428,121.089,120.557,122.712,122.939,122.604,124.860,125.742,126.000,125.967
22,"    Final consumption expenditures of nonprofit institutions serving households (NPISHs)1",---,---,---,---,---,---,---,---,---,---,---,---,---,---,---,---,---,---,---,---,---,---,---,---,---,---,---,---,---,---,---,---,---,---,---,---,---,---,---,---,---,---,---,---,---,---,---,---,2.488,2.476,2.464,2.532,2.695,2.786,2.823,2.802,2.744,2.836,2.868,2.951,2.991,2.955,2.915,2.878,2.887,2.979,3.094,3.203,3.360,3.387,3.381,3.384,3.373,3.481,3.630,3.741,3.771,3.707,3.639,3.576,3.645,3.755,3.918,4.051,4.072,4.040,4.030,4.031,4.017,4.039,4.098,4.180,4.249,4.309,4.426,4.374,4.429,4.516,4.628,4.799,4.749,4.797,4.749,5.021,4.906,4.966,4.789,4.818,4.820,4.810,4.754,4.786,4.723,4.765,4.836,4.952,5.090,5.105,5.114,5.138,5.123,5.124,5.171,5.384,5.386,5.437,5.418,5.535,5.718,5.705,5.460,5.625,5.718,5.748,6.023,6.189,6.219,6.183,6.443,6.800,7.114,7.374,7.643,7.954,8.323,8.439,8.831,9.326,9.540,9.938,10.330,10.843,10.718,10.951,11.097,11.111,11.715,12.484,12.724,12.899,13.081,13.268,13.602,13.830,14.584,15.158,15.795,16.292,16.466,17.324,18.230,19.090,19.595,21.043,22.625,23.292,23.751,24.131,25.032,25.952,27.727,29.291,30.588,31.795,31.675,31.790,32.653,33.075,33.921,34.799,35.711,36.081,36.279,36.631,36.800,37.508,38.745,39.175,39.413,38.289,36.005,35.646,35.548,36.047,37.272,38.520,40.014,41.485,41.810,42.162,42.497,43.055,44.525,44.757,46.493,47.918,48.205,49.263,50.149,51.241,52.212,53.740,55.980,57.361,57.704,59.020,59.463,59.336,60.063,59.817,60.151,59.164,57.392,58.818,59.501,62.817,65.004,67.038,68.061,67.735,68.158,67.257,68.269,71.783,74.271,77.651,80.151,83.846,82.127,80.146,80.953,84.303,84.758,85.729,84.515,83.148,84.800,87.662,92.137,89.610,92.061,96.486,97.203,100.725,97.187,97.358,97.518,97.505,96.481,97.757,97.912,96.642,94.691,95.094,97.479,99.927,99.540,98.188,101.796,101.980,101.411,100.804,98.455,99.330,101.243,103.726,104.485,109.679,99.200,101.154,102.499,102.260,117.884,127.674,110.368,107.784,101.805,95.182,96.375,99.995,104.854,108.759,109.771,107.076,102.864,101.876,101.918,101.500,105.045,109.181,107.992
23,"        Gross output of nonprofit institutions2",---,---,---,---,---,---,---,---,---,---,---,---,---,---,---,---,---,---,---,---,---,---,---,---,---,---,---,---,---,---,---,---,---,---,---,---,---,---,---,---,---,---,---,---,---,---,---,---,11.237,10.964,10.735,10.738,11.225,11.484,11.285,11.442,11.384,11.918,11.959,12.188,12.383,12.442,12.527,12.607,12.783,13.083,13.341,13.627,14.089,14.237,14.313,14.319,14.577,14.910,15.269,15.590,15.878,16.084,16.122,16.209,16.423,16.830,17.261,17.619,17.831,18.174,18.260,18.536,18.774,19.038,19.223,19.528,19.813,19.884,20.272,20.497,20.860,21.366,21.800,22.172,22.461,22.701,22.793,23.161,23.357,23.629,23.234,23.508,23.500,23.808,23.738,23.900,24.204,24.583,24.507,25.290,25.746,25.792,26.068,26.278,26.554,26.955,26.922,27.439,27.873,28.509,28.587,28.812,29.047,29.318,29.095,29.535,29.685,29.577,30.430,30.826,30.944,31.289,31.481,31.786,32.060,32.608,32.890,33.357,33.649,33.873,33.986,34.377,34.643,34.973,35.267,35.734,35.827,36.061,36.575,37.032,37.616,38.173,38.307,38.586,38.993,39.481,40.029,40.352,41.056,41.571,42.267,42.532,42.698,43.089,43.550,44.158,44.758,45.714,46.635,46.789,46.865,47.326,47.875,48.616,49.343,50.021,50.664,50.957,51.157,51.293,51.720,51.796,52.023,52.409,52.833,53.128,52.984,53.166,53.347,53.704,53.915,54.510,54.828,55.389,54.985,55.110,55.580,56.116,57.156,57.713,58.489,59.082,59.469,59.785,60.232,60.866,61.385,61.972,62.660,63.456,64.161,64.841,65.726,66.674,67.833,68.963,69.882,70.234,70.438,70.799,71.010,71.140,71.564,72.102,73.143,73.673,73.339,73.933,74.829,75.560,76.306,77.038,77.565,77.951,78.554,78.620,79.073,79.914,81.014,81.713,82.472,83.175,83.375,83.890,84.540,84.809,84.811,85.550,86.475,86.430,86.702,87.470,87.673,88.071,89.921,89.801,90.984,91.165,90.677,91.417,91.479,92.251,90.935,92.525,93.636,94.676,95.057,95.150,95.498,96.473,97.487,98.640,99.342,100.242,100.303,99.378,99.965,100.355,100.824,102.800,104.032,103.629,103.538,104.034,104.708,104.975,105.107,99.649,102.601,104.706,102.897,104.293,105.171,107.050,107.008,107.318,109.355,110.393,110.103,110.269,110.441,111.854,114.263,114.900,115.762
24,"        Less: Receipts from sales of goods and services by nonprofit institutions3",---,---,---,---,---,---,---,---,---,---,---,---,---,---,---,---,---,---,---,---,---,---,---,---,---,---,---,---,---,---,---,---,---,---,---,---,---,---,---,---,---,---,---,---,---,---,---,---,17.787,17.170,16.662,16.427,17.015,17.322,16.757,17.179,17.228,18.152,18.146,18.404,18.720,18.969,19.287,19.582,19.947,20.340,20.569,20.881,21.442,21.695,21.883,21.888,22.496,22.918,23.272,23.660,24.212,24.866,25.155,25.538,25.806,26.385,26.866,27.271,27.684,28.536,28.757,29.362,29.928,30.449,30.686,31.124,31.555,31.546,32.068,32.707,33.351,34.216,34.854,35.190,35.965,36.358,36.694,36.742,37.490,37.922,37.550,38.071,38.045,38.755,38.762,39.028,39.878,40.596,40.225,41.621,42.235,42.296,42.873,43.264,43.909,44.779,44.580,45.126,46.068,47.312,47.536,47.709,47.726,48.348,48.527,49.034,49.112,48.797,49.913,50.337,50.509,51.336,51.104,50.911,50.788,51.366,51.391,51.722,51.613,51.844,51.380,51.312,51.479,51.484,51.444,51.569,51.938,52.049,52.808,53.642,53.887,53.885,53.819,54.112,54.632,55.292,55.880,56.192,56.572,56.836,57.366,57.299,57.410,57.236,57.169,57.425,57.993,58.380,58.652,58.414,58.225,58.709,58.974,59.537,59.557,59.671,59.914,59.703,60.081,60.236,60.436,60.336,60.245,60.379,60.556,60.811,60.507,60.607,60.794,60.981,60.710,61.379,61.732,63.079,63.566,63.921,64.661,65.215,66.158,66.368,66.773,66.915,67.323,67.613,68.109,68.770,68.795,69.554,69.687,70.141,71.048,71.514,72.375,73.227,74.454,75.356,75.590,75.431,75.574,75.488,75.596,75.849,76.140,77.024,78.368,79.551,79.840,80.066,81.049,80.674,80.808,80.990,81.309,81.992,82.668,83.131,83.350,83.099,83.635,83.257,83.322,82.848,83.809,85.286,85.885,85.016,84.852,85.507,87.200,87.630,87.406,87.423,86.105,87.537,89.174,87.461,88.806,87.831,88.402,89.340,89.370,90.411,88.994,90.690,92.130,93.973,95.177,95.164,94.794,95.247,96.756,98.801,98.463,99.619,99.906,98.864,100.508,100.722,100.677,102.470,103.866,101.471,105.075,105.051,105.491,105.949,100.602,89.817,99.853,103.626,103.319,107.602,108.392,109.636,107.727,106.647,109.085,111.612,112.913,113.546,113.765,115.940,117.867,117.026,118.760
,Addenda:,,,,,,,,,,,,,,,,,,,,,,,,,,,,,,,,,,,,,,,,,,,,,,,,,,,,,,,,,,,,,,,,,,,,,,,,,,,,,,,,,,,,,,,,,,,,,,,,,,,,,,,,,,,,,,,,,,,,,,,,,,,,,,,,,,,,,,,,,,,,,,,,,,,,,,,,,,,,,,,,,,,,,,,,,,,,,,,,,,,,,,,,,,,,,,,,,,,,,,,,,,,,,,,,,,,,,,,,,,,,,,,,,,,,,,,,,,,,,,,,,,,,,,,,,,,,,,,,,,,,,,,,,,,,,,,,,,,,,,,,,,,,,,,,,,,,,,,,,,,,,,,,,,,,,,,
25,"    PCE excluding food and energy4",---,---,---,---,---,---,---,---,---,---,---,---,---,---,---,---,---,---,---,---,---,---,---,---,---,---,---,---,---,---,---,---,---,---,---,---,---,---,---,---,---,---,---,---,---,---,---,---,12.395,12.652,12.812,12.807,12.963,13.137,13.101,13.120,13.100,13.283,13.401,13.735,13.896,14.125,14.244,14.495,14.593,14.786,15.011,15.167,15.503,15.781,16.076,16.120,16.557,16.727,17.029,17.474,17.825,17.835,18.071,18.177,18.239,18.507,18.660,18.719,19.223,19.538,19.911,20.006,20.200,20.384,20.491,20.623,20.708,20.833,21.007,20.891,21.354,21.596,21.868,22.297,22.685,23.055,23.460,24.028,24.665,24.750,24.834,24.845,24.780,24.849,24.833,24.391,24.693,25.018,25.453,25.910,26.391,26.562,26.839,27.134,27.574,27.856,28.119,28.577,28.759,29.619,29.787,30.034,30.152,30.232,30.621,30.670,30.595,29.816,30.327,30.890,31.092,30.967,31.193,30.844,31.081,31.218,31.511,32.134,32.529,33.270,33.861,34.494,34.962,35.390,35.729,36.265,36.911,37.373,38.137,38.142,38.531,39.005,39.853,40.067,40.182,40.746,41.348,41.436,42.159,42.455,42.867,43.416,43.614,43.932,44.391,44.425,45.085,45.084,45.254,44.955,44.792,45.084,45.353,45.449,46.438,46.746,47.335,47.910,48.126,48.641,49.145,49.632,50.222,50.597,51.090,51.742,51.876,52.350,52.861,53.299,53.750,54.411,54.880,55.327,55.990,56.266,57.344,58.047,58.775,59.823,60.655,61.713,62.317,63.280,64.017,65.074,66.353,66.848,67.548,68.071,68.417,68.676,68.930,70.207,70.448,70.707,71.200,71.558,71.963,72.915,74.004,74.536,75.262,75.718,76.733,77.608,78.051,79.001,79.676,79.840,80.951,81.246,81.733,82.639,83.127,83.459,84.075,84.524,84.421,84.812,84.396,83.385,83.096,82.625,83.238,83.014,83.551,84.441,85.043,85.561,86.081,86.277,86.534,86.804,87.668,87.610,87.777,88.293,88.690,89.000,89.421,90.080,90.307,91.462,92.519,93.480,94.029,94.883,95.564,96.073,96.735,97.047,97.688,98.265,99.165,99.460,100.181,101.194,101.945,102.527,103.091,103.321,103.496,104.477,105.645,106.498,104.184,94.139,103.457,105.216,107.495,111.311,112.233,113.656,113.919,114.911,115.681,116.018,117.761,118.100,118.847,120.011,120.749,121.543,122.662
26,"    PCE excluding food, energy, and housing4",---,---,---,---,---,---,---,---,---,---,---,---,---,---,---,---,---,---,---,---,---,---,---,---,---,---,---,---,---,---,---,---,---,---,---,---,---,---,---,---,---,---,---,---,---,---,---,---,11.494,11.754,11.893,11.848,11.994,12.165,12.088,12.064,12.010,12.194,12.293,12.621,12.775,12.985,13.080,13.311,13.408,13.600,13.816,13.952,14.302,14.581,14.875,14.867,15.324,15.475,15.766,16.225,16.593,16.573,16.794,16.873,16.912,17.177,17.295,17.308,17.831,18.156,18.525,18.572,18.739,18.887,18.956,19.058,19.132,19.246,19.398,19.216,19.694,19.914,20.160,20.572,20.952,21.319,21.724,22.300,22.962,22.998,23.031,22.984,22.829,22.841,22.767,22.228,22.551,22.888,23.336,23.808,24.311,24.460,24.734,25.034,25.499,25.786,26.046,26.505,26.614,27.495,27.617,27.825,27.911,27.948,28.326,28.330,28.184,27.256,27.786,28.379,28.571,28.392,28.625,28.210,28.478,28.640,28.948,29.625,30.048,30.872,31.460,32.094,32.570,33.003,33.295,33.816,34.497,34.946,35.728,35.654,36.069,36.566,37.469,37.658,37.756,38.381,38.980,38.987,39.771,40.057,40.455,41.008,41.200,41.519,41.996,41.970,42.655,42.598,42.741,42.360,42.135,42.416,42.646,42.694,43.772,44.067,44.680,45.273,45.489,46.035,46.543,47.026,47.592,47.944,48.406,49.059,49.127,49.584,50.102,50.545,51.016,51.729,52.219,52.681,53.369,53.599,54.754,55.471,56.219,57.339,58.205,59.336,59.938,60.959,61.722,62.863,64.263,64.734,65.432,65.908,66.166,66.350,66.585,68.075,68.400,68.741,69.319,69.704,70.117,71.173,72.367,72.891,73.649,74.119,75.124,75.924,76.247,77.152,77.870,78.035,79.286,79.565,80.075,81.081,81.589,81.882,82.465,82.806,82.459,82.766,82.186,80.975,80.689,80.154,80.835,80.451,80.932,81.848,82.478,83.050,83.649,83.869,84.170,84.494,85.523,85.444,85.617,86.190,86.592,86.908,87.380,88.167,88.469,89.876,91.164,92.327,92.987,94.002,94.795,95.370,96.121,96.472,97.223,97.914,99.011,99.361,100.218,101.411,102.266,102.915,103.549,103.787,103.927,105.018,106.327,107.235,104.271,91.864,103.074,105.041,107.636,112.101,113.040,114.589,114.732,115.792,116.619,116.960,119.053,119.428,120.298,121.669,122.507,123.402,124.691
27,"    Energy goods and services5",---,---,---,---,---,---,---,---,---,---,---,---,---,---,---,---,---,---,---,---,---,---,---,---,---,---,---,---,---,---,---,---,---,---,---,---,---,---,---,---,---,---,---,---,---,---,---,---,38.967,38.861,39.068,39.175,39.747,40.496,40.005,40.332,39.903,41.291,40.557,40.956,42.113,42.207,42.375,43.433,44.604,43.688,44.281,44.312,45.435,46.149,47.331,47.440,47.302,48.640,49.419,49.879,50.084,51.407,52.023,52.420,52.329,53.470,53.188,54.439,55.471,55.232,56.175,56.398,57.757,57.814,58.646,59.772,60.606,60.288,61.322,61.106,62.249,63.119,62.673,63.031,63.955,65.058,65.946,69.050,68.842,68.901,69.864,68.700,62.691,65.264,66.578,68.356,67.112,68.880,68.549,67.408,69.011,69.802,71.389,74.472,73.297,71.698,74.011,74.030,75.438,75.653,74.881,74.958,77.213,74.254,72.598,72.297,71.572,70.146,69.991,70.429,68.728,70.023,69.493,69.790,71.066,70.309,69.171,69.028,69.543,70.808,72.743,73.321,71.738,73.568,72.895,73.317,75.408,73.223,74.315,75.164,74.450,75.831,76.544,77.643,76.596,79.312,78.111,78.558,80.538,80.817,81.587,81.859,82.424,81.258,81.546,85.525,79.624,81.740,82.762,80.743,80.066,83.372,83.020,81.469,81.461,83.710,83.729,85.167,85.327,85.152,87.978,87.722,88.429,89.000,87.566,86.172,86.885,89.225,90.381,89.419,92.132,91.738,89.643,90.816,90.114,91.368,91.307,93.826,92.393,95.136,95.747,92.634,94.163,96.271,97.008,94.761,92.238,95.496,96.109,98.387,97.240,93.569,94.511,93.898,92.678,96.458,97.653,98.627,97.204,97.106,96.768,98.289,98.385,98.581,97.418,98.481,98.902,99.231,99.615,98.147,95.581,97.779,99.545,97.563,99.213,98.392,98.725,96.999,97.087,95.448,92.189,96.073,96.461,95.559,95.177,96.580,95.991,96.116,97.586,98.076,95.579,94.297,95.498,94.090,91.047,94.128,94.602,92.536,96.024,95.622,94.144,96.989,98.433,95.652,94.589,98.257,102.307,99.187,99.880,97.861,99.175,100.848,102.039,99.543,96.697,100.897,100.009,102.397,102.187,103.194,102.570,104.078,103.810,101.368,102.194,101.255,95.330,89.738,96.481,94.723,97.727,100.541,102.252,101.404,103.641,103.220,100.896,102.470,100.982,101.184,102.177,101.389,99.781,101.671,101.735
28,"    PCE services excluding energy and housing",---,---,---,---,---,---,---,---,---,---,---,---,---,---,---,---,---,---,---,---,---,---,---,---,---,---,---,---,---,---,---,---,---,---,---,---,---,---,---,---,---,---,---,---,---,---,---,---,13.930,14.229,14.416,14.584,14.663,14.823,14.705,14.787,14.953,15.170,15.172,15.436,15.552,15.786,15.884,16.025,16.058,16.315,16.601,16.871,17.156,17.438,17.671,17.892,18.112,18.385,18.642,19.003,19.216,19.419,19.537,19.750,19.952,20.089,20.393,20.478,20.832,21.271,21.512,21.706,21.825,22.124,22.220,22.503,22.801,22.947,23.204,23.281,23.391,23.610,23.825,24.199,24.672,24.948,25.323,25.752,26.193,26.365,26.437,26.489,26.330,26.481,26.527,26.793,27.164,27.470,27.579,28.159,28.543,28.732,29.080,29.437,29.938,30.169,30.410,30.734,31.150,31.670,31.884,31.959,32.254,32.505,32.655,32.900,32.807,32.384,32.789,33.396,33.276,33.362,33.382,33.406,33.580,33.969,34.358,35.089,35.765,36.293,36.797,37.170,37.441,37.644,38.250,38.683,39.394,40.008,40.522,40.746,41.083,41.311,41.667,42.174,43.130,43.566,43.964,44.418,45.072,45.566,46.336,46.761,47.108,47.361,47.680,47.986,48.563,49.106,49.510,49.307,49.239,49.624,49.853,50.245,51.347,51.704,52.359,52.960,53.161,53.502,54.085,54.435,54.847,55.190,55.626,55.982,56.391,56.869,57.199,57.606,58.164,58.592,59.095,59.359,60.027,60.455,61.310,61.910,62.846,63.660,64.513,65.038,65.595,66.312,67.049,68.272,69.569,70.328,70.961,71.370,71.643,71.827,71.858,72.405,72.985,73.452,73.772,74.264,74.684,75.190,75.800,76.159,76.830,77.395,78.249,78.886,79.185,79.752,80.361,80.890,81.650,82.135,82.491,83.397,83.769,83.933,84.476,84.916,85.204,85.615,85.569,85.514,85.145,84.742,84.876,84.686,85.007,85.637,86.214,86.358,86.888,87.286,87.676,87.685,88.518,88.541,88.515,88.905,88.666,89.098,89.479,90.253,90.302,91.240,92.557,93.615,94.071,94.969,95.571,96.152,96.822,97.062,97.629,98.364,99.530,99.571,100.162,100.738,101.512,102.278,102.873,102.977,103.112,103.746,104.844,105.799,102.697,86.153,95.691,97.765,99.158,103.482,106.731,108.124,108.438,109.884,111.201,111.750,113.335,113.897,114.481,115.853,117.085,117.964,118.896
29,"    Housing",---,---,---,---,---,---,---,---,---,---,---,---,---,---,---,---,---,---,---,---,---,---,---,---,---,---,---,---,---,---,---,---,---,---,---,---,---,---,---,---,---,---,---,---,---,---,---,---,17.669,17.893,18.182,18.446,18.656,18.840,19.076,19.374,19.583,19.754,19.984,20.340,20.539,20.887,21.150,21.521,21.620,21.807,22.085,22.364,22.584,22.843,23.125,23.515,23.788,24.076,24.433,24.761,24.971,25.185,25.507,25.783,26.001,26.272,26.654,27.026,27.364,27.578,27.947,28.370,28.743,29.164,29.532,29.864,30.014,30.209,30.516,30.883,31.206,31.574,32.012,32.519,32.926,33.287,33.655,34.110,34.516,34.945,35.376,35.800,36.383,36.861,37.282,37.629,37.737,37.933,38.214,38.503,38.748,39.067,39.335,39.553,39.753,39.966,40.224,40.622,41.315,41.929,42.417,42.922,43.267,43.646,44.077,44.447,44.896,45.296,45.608,45.898,46.153,46.432,46.584,46.736,46.726,46.671,46.837,47.022,47.190,47.287,47.851,48.428,48.804,49.170,49.803,50.407,50.761,51.287,51.873,52.410,52.594,52.888,53.340,53.698,53.921,54.061,54.661,55.264,55.558,55.906,56.392,56.884,57.109,57.416,57.731,58.145,58.618,58.973,59.319,59.550,59.791,60.139,60.644,61.049,61.426,61.800,62.209,62.635,62.843,63.134,63.582,64.083,64.800,65.298,65.971,66.584,67.139,67.701,68.147,68.533,68.840,69.146,69.465,69.805,70.287,70.837,71.407,71.998,72.582,73.163,73.763,74.357,74.960,75.554,76.120,76.660,77.204,77.830,78.525,79.312,80.154,80.836,81.187,81.246,81.013,80.811,80.824,81.033,81.389,81.759,82.263,82.842,83.383,83.760,84.826,86.100,87.182,88.375,88.807,88.968,89.314,89.689,90.057,90.424,90.799,91.342,92.127,93.144,94.318,95.150,95.586,95.618,95.316,95.174,95.434,96.042,96.870,97.621,98.077,98.305,98.407,98.479,98.500,98.487,98.477,98.527,98.662,98.876,99.249,99.525,99.678,99.671,99.500,99.358,99.232,99.160,99.149,99.198,99.320,99.503,99.718,99.844,99.938,99.962,99.906,99.933,100.003,100.158,100.418,100.680,100.911,101.105,101.436,101.903,102.431,103.036,103.709,104.386,105.148,105.953,106.778,107.621,108.456,109.297,110.118,110.796,111.304,111.625,111.792,111.967,112.170,112.427,112.736,113.090,113.482
30,"    Market-based PCE6",---,---,---,---,---,---,---,---,---,---,---,---,---,---,---,---,---,---,---,---,---,---,---,---,---,---,---,---,---,---,---,---,---,---,---,---,---,---,---,---,---,---,---,---,---,---,---,---,---,---,---,---,---,---,---,---,---,---,---,---,---,---,---,---,---,---,---,---,---,---,---,---,---,---,---,---,---,---,---,---,---,---,---,---,---,---,---,---,---,---,---,---,---,---,---,---,---,---,---,---,---,---,---,---,---,---,---,---,---,---,---,---,---,---,---,---,---,---,---,---,---,---,---,---,---,---,---,---,---,---,---,---,---,---,---,---,---,---,---,---,---,---,---,---,---,---,---,---,---,---,---,---,---,---,---,---,---,---,---,---,44.136,44.765,45.327,45.419,46.172,46.537,46.923,47.481,47.640,47.824,48.278,48.472,48.849,48.944,49.068,48.657,48.301,48.695,48.895,48.828,49.693,49.950,50.444,50.996,51.135,51.567,52.075,52.490,53.043,53.471,53.908,54.526,54.579,55.062,55.658,56.057,56.507,57.185,57.434,58.098,58.651,58.876,59.910,60.602,61.123,62.196,62.925,63.855,64.545,65.512,66.276,67.202,68.061,68.732,69.328,69.981,70.296,70.385,70.681,71.810,71.998,72.405,72.975,73.248,73.532,74.450,75.606,76.210,76.857,77.264,78.111,79.035,79.553,80.467,81.134,81.154,81.960,82.350,82.895,83.723,84.323,84.571,85.110,85.414,85.150,85.248,84.444,83.318,83.087,82.853,83.562,83.479,83.957,84.684,85.248,85.835,86.108,86.148,86.275,86.458,86.984,87.231,87.332,87.779,88.532,88.809,89.222,90.028,90.437,91.310,92.181,93.302,94.079,94.691,95.397,95.654,96.571,97.251,97.771,98.331,98.921,99.529,100.177,101.373,102.124,102.512,103.013,103.197,103.794,104.883,106.225,107.061,104.641,94.412,104.241,105.834,108.609,112.803,113.632,114.853,115.210,115.776,115.951,116.370,117.809,117.998,118.832,119.898,120.269,121.044,122.154
31,"    Market-based PCE excluding food and energy6",---,---,---,---,---,---,---,---,---,---,---,---,---,---,---,---,---,---,---,---,---,---,---,---,---,---,---,---,---,---,---,---,---,---,---,---,---,---,---,---,---,---,---,---,---,---,---,---,---,---,---,---,---,---,---,---,---,---,---,---,---,---,---,---,---,---,---,---,---,---,---,---,---,---,---,---,---,---,---,---,---,---,---,---,---,---,---,---,---,---,---,---,---,---,---,---,---,---,---,---,---,---,---,---,---,---,---,---,---,---,---,---,---,---,---,---,---,---,---,---,---,---,---,---,---,---,---,---,---,---,---,---,---,---,---,---,---,---,---,---,---,---,---,---,---,---,---,---,---,---,---,---,---,---,---,---,---,---,---,---,40.917,41.521,42.210,42.296,42.977,43.304,43.698,44.292,44.422,44.719,45.179,45.174,45.846,45.766,45.858,45.518,45.157,45.433,45.663,45.726,46.683,46.900,47.456,47.977,48.134,48.622,49.046,49.493,50.031,50.419,50.958,51.661,51.703,52.183,52.807,53.265,53.635,54.385,54.762,55.442,56.050,56.286,57.415,58.094,58.740,59.785,60.532,61.638,62.275,63.215,63.985,65.010,66.153,66.669,67.303,67.869,68.298,68.515,68.827,70.114,70.400,70.693,71.258,71.459,71.783,72.840,74.053,74.684,75.344,75.795,76.762,77.684,78.137,79.139,79.818,79.835,80.894,81.129,81.629,82.597,83.176,83.558,84.155,84.587,84.314,84.571,84.021,82.545,82.226,81.952,82.747,82.513,83.049,83.925,84.478,85.065,85.550,85.705,85.800,86.128,86.908,86.927,87.001,87.657,88.236,88.583,89.074,89.733,90.041,91.246,92.289,93.299,93.891,94.737,95.465,95.841,96.716,97.232,97.688,98.342,99.075,99.470,100.170,101.285,102.059,102.464,103.077,103.132,103.810,105.047,106.394,107.441,104.319,92.853,103.733,105.689,108.364,112.890,113.778,115.238,115.596,116.451,116.979,117.397,119.249,119.482,120.342,121.596,122.136,122.857,124.064

Legend/Footnotes
"1. Net expenses of NPISHs, defined as their gross operating expenses less primary sales to households."
"2. Gross output is net of unrelated sales, secondary sales, and sales to business, to government, and to the rest of the world; excludes own-account investment (construction and software)."
"3. Excludes unrelated sales, secondary sales, and sales to business, to government, and to the rest of the world; includes membership dues and fees."
"4. Food consists of food and beverages purchased for off-premises consumption; food services, which include purchased meals and beverages, are not classified as food."
5. Consists of gasoline and other energy goods and of electricity and gas services.
"6. Market-based PCE is a supplemental measure that is based on household expenditures for which there are observable price measures.It excludes most imputed transactions (for example, financial services furnished without payment) and the final consumption expenditures of nonprofit institutions serving households."
